Date,Time,Temperature_C,Dew_Point_C,Humidity_%,Wind,Speed_kmh,Gust_kmh,Pressure_hPa,Precip_Rate_mm,Precip_Accum_mm,UV,Solar_w/m2
2015/12/28,05:39 PM,5.61,5.28,98.0,SSW,0.0,0.0,1013.88,0.0,0.0,0.0,0.0
2015/12/28,05:42 PM,5.61,5.5,99.0,WSW,0.0,0.0,1013.88,0.0,0.0,0.0,0.0
2015/12/28,05:47 PM,5.72,5.61,99.0,West,3.22,11.91,1013.88,0.0,0.0,0.0,0.0
2015/12/28,05:52 PM,5.72,5.61,99.0,West,0.0,0.0,1013.88,0.0,0.0,0.0,0.0
2015/12/28,05:57 PM,5.72,5.61,99.0,SSE,0.0,0.0,1013.55,0.0,0.0,0.0,0.0
2015/12/28,06:03 PM,5.78,5.72,99.0,SW,0.0,0.0,1013.88,0.0,0.0,0.0,0.0
2015/12/28,06:08 PM,5.78,5.72,99.0,SSE,0.0,0.0,1014.22,1.78,0.25,0.0,0.0
2015/12/28,06:13 PM,5.78,5.72,99.0,NNW,0.0,0.0,1013.88,0.0,0.25,0.0,0.0
2015/12/28,06:19 PM,5.78,5.72,99.0,West,0.0,0.0,1013.88,1.78,0.51,0.0,0.0
2015/12/28,06:24 PM,5.78,5.72,99.0,NW,0.0,0.0,1013.88,1.78,0.51,0.0,0.0
2015/12/28,06:29 PM,5.78,5.72,99.0,NW,0.0,0.0,1014.22,0.0,0.51,0.0,0.0
2015/12/28,06:35 PM,5.78,5.72,99.0,NE,0.0,0.0,1014.22,0.0,0.51,0.0,0.0
2015/12/28,06:40 PM,5.72,5.61,99.0,NE,0.0,0.0,1014.22,0.0,0.51,0.0,0.0
2015/12/28,06:49 PM,5.72,5.61,99.0,NE,0.0,0.0,1014.56,0.0,0.51,0.0,0.0
2015/12/28,06:54 PM,5.72,5.61,99.0,NE,0.0,0.0,1014.22,0.0,0.51,0.0,0.0
2015/12/28,06:58 PM,5.72,5.61,99.0,NE,0.0,0.0,1014.22,0.0,0.51,0.0,0.0
2015/12/28,07:04 PM,5.61,5.5,99.0,NE,0.0,0.0,1014.22,0.0,0.51,0.0,0.0
2015/12/28,07:09 PM,5.61,5.5,99.0,NE,0.0,0.0,1014.22,0.0,0.51,0.0,0.0
2015/12/28,07:14 PM,5.5,5.39,99.0,NE,0.0,0.0,1014.22,0.0,0.51,0.0,0.0
2015/12/28,07:19 PM,5.39,5.28,99.0,NE,0.0,0.0,1014.22,0.0,0.51,0.0,0.0
2015/12/28,07:25 PM,5.28,5.22,99.0,NE,0.0,0.0,1014.22,0.0,0.51,0.0,0.0
2015/12/28,07:30 PM,5.28,5.22,99.0,NE,0.0,0.0,1014.22,0.0,0.51,0.0,0.0
2015/12/28,07:36 PM,5.22,5.11,99.0,ENE,0.0,0.0,1014.56,0.0,0.51,0.0,0.0
2015/12/28,07:41 PM,5.11,5.0,99.0,ENE,0.0,0.0,1014.22,0.0,0.51,0.0,0.0
2015/12/28,07:46 PM,5.11,5.0,99.0,ENE,0.0,0.0,1014.22,0.0,0.51,0.0,0.0
2015/12/28,07:52 PM,5.0,4.89,99.0,ENE,0.0,0.0,1014.22,0.0,0.51,0.0,0.0
2015/12/28,07:57 PM,4.89,4.78,99.0,ENE,0.0,0.0,1014.56,0.0,0.51,0.0,0.0
2015/12/28,08:02 PM,4.78,4.72,99.0,ENE,0.0,0.0,1013.88,0.0,0.51,0.0,0.0
2015/12/28,08:08 PM,4.61,4.5,99.0,ENE,0.0,0.0,1014.22,0.0,0.51,0.0,0.0
2015/12/28,08:13 PM,4.5,4.39,99.0,ENE,0.0,0.0,1014.22,0.0,0.51,0.0,0.0
2015/12/28,08:18 PM,4.39,4.28,99.0,ENE,0.0,0.0,1014.56,0.0,0.51,0.0,0.0
2015/12/28,08:24 PM,4.28,4.22,99.0,ENE,0.0,0.0,1014.22,0.0,0.51,0.0,0.0
2015/12/28,08:29 PM,4.11,4.0,99.0,ENE,0.0,0.0,1014.56,0.0,0.51,0.0,0.0
2015/12/28,08:34 PM,4.0,3.61,97.0,ENE,0.0,0.0,1014.22,0.0,0.51,0.0,0.0
2015/12/28,08:40 PM,3.89,3.78,99.0,ENE,0.0,0.0,1014.56,0.0,0.51,0.0,0.0
2015/12/28,08:45 PM,3.72,3.28,97.0,ENE,0.0,0.0,1014.56,0.0,0.51,0.0,0.0
2015/12/28,08:50 PM,3.61,3.5,99.0,ENE,0.0,0.0,1014.56,0.0,0.51,0.0,0.0
2015/12/28,08:55 PM,3.39,3.0,97.0,ENE,0.0,0.0,1014.56,0.0,0.51,0.0,0.0
2015/12/28,09:01 PM,3.28,2.89,97.0,ENE,0.0,0.0,1014.56,0.0,0.51,0.0,0.0
2015/12/28,09:06 PM,3.11,2.72,97.0,ENE,0.0,0.0,1014.56,0.0,0.51,0.0,0.0
2015/12/28,09:12 PM,3.11,2.72,97.0,ENE,0.0,0.0,1014.56,0.0,0.51,0.0,0.0
2015/12/28,09:17 PM,3.0,2.61,97.0,ENE,0.0,0.0,1014.56,0.0,0.51,0.0,0.0
2015/12/28,09:22 PM,2.89,2.5,97.0,ENE,0.0,0.0,1014.22,0.0,0.51,0.0,0.0
2015/12/28,09:27 PM,2.89,2.78,99.0,ENE,0.0,0.0,1014.9,0.0,0.51,0.0,0.0
2015/12/28,09:33 PM,2.89,2.5,97.0,ENE,0.0,0.0,1014.56,0.0,0.51,0.0,0.0
2015/12/28,09:38 PM,2.89,2.78,99.0,ENE,0.0,0.0,1014.56,0.0,0.51,0.0,0.0
2015/12/28,09:44 PM,2.89,2.78,99.0,ENE,0.0,0.0,1014.56,0.0,0.51,0.0,0.0
2015/12/28,09:49 PM,2.89,2.78,99.0,ENE,0.0,0.0,1014.56,0.0,0.51,0.0,0.0
2015/12/28,09:54 PM,2.89,2.78,99.0,ENE,0.0,0.0,1014.56,0.0,0.51,0.0,0.0
2015/12/28,10:00 PM,2.89,2.78,99.0,ENE,0.0,0.0,1014.9,0.0,0.51,0.0,0.0
2015/12/28,10:05 PM,2.89,2.78,99.0,ENE,0.0,0.0,1014.9,0.0,0.51,0.0,0.0
2015/12/28,10:10 PM,2.89,2.78,99.0,ENE,0.0,0.0,1014.9,0.0,0.51,0.0,0.0
2015/12/28,10:15 PM,2.89,2.78,99.0,ENE,0.32,4.02,1014.56,0.0,0.51,0.0,0.0
2015/12/28,10:21 PM,2.89,2.78,99.0,ENE,0.0,0.0,1014.9,0.0,0.51,0.0,0.0
2015/12/28,10:26 PM,2.89,2.78,99.0,ENE,0.0,0.0,1014.56,0.0,0.51,0.0,0.0
2015/12/28,10:32 PM,3.0,2.89,99.0,ENE,0.0,0.0,1014.9,0.0,0.51,0.0,0.0
2015/12/28,10:37 PM,3.0,2.89,99.0,ENE,0.0,0.0,1014.56,0.0,0.51,0.0,0.0
2015/12/28,10:42 PM,3.0,2.89,99.0,SSW,0.0,0.0,1014.9,0.0,0.51,0.0,0.0
2015/12/28,10:48 PM,3.0,2.61,97.0,SSW,0.0,0.0,1014.56,0.0,0.51,0.0,0.0
2015/12/28,10:53 PM,3.0,2.61,97.0,SSW,0.0,0.0,1014.9,0.0,0.51,0.0,0.0
2015/12/28,10:58 PM,2.89,2.5,97.0,SSW,0.0,0.0,1014.56,0.0,0.51,0.0,0.0
2015/12/28,11:03 PM,2.89,2.61,98.0,SSE,0.0,0.0,1014.9,0.0,0.51,0.0,0.0
2015/12/28,11:09 PM,2.78,2.5,98.0,SSE,0.0,0.0,1014.56,0.0,0.51,0.0,0.0
2015/12/28,11:14 PM,2.72,2.39,98.0,SSE,0.0,0.0,1014.56,0.0,0.51,0.0,0.0
2015/12/28,11:20 PM,2.61,2.28,98.0,SSE,0.0,0.0,1014.9,0.0,0.51,0.0,0.0
2015/12/28,11:25 PM,2.5,2.22,98.0,SSE,0.0,0.0,1014.56,0.0,0.51,0.0,0.0
2015/12/28,11:30 PM,2.5,2.22,98.0,SSE,0.0,0.0,1014.56,0.0,0.51,0.0,0.0
2015/12/28,11:36 PM,2.39,2.11,98.0,SSE,0.0,0.0,1014.56,0.0,0.51,0.0,0.0
2015/12/28,11:41 PM,2.28,2.0,98.0,SSE,0.0,0.0,1014.56,0.0,0.51,0.0,0.0
2015/12/28,11:46 PM,2.22,1.89,98.0,SSE,0.0,0.0,1014.56,0.0,0.51,0.0,0.0
2015/12/28,11:52 PM,2.11,1.78,98.0,SSE,0.0,0.0,1014.56,0.0,0.51,0.0,0.0
2015/12/28,11:57 PM,2.0,1.72,98.0,SSE,0.0,0.0,1014.56,0.0,0.51,0.0,0.0
2015/12/29,12:02 AM,1.89,1.61,98.0,SSE,0.0,0.0,1014.56,0.0,0.0,0.0,0.0
2015/12/29,12:08 AM,1.78,1.5,98.0,SSE,0.0,0.0,1014.56,1.78,0.25,0.0,0.0
2015/12/29,12:13 AM,1.78,1.5,98.0,SSE,0.0,0.0,1014.56,1.78,0.25,0.0,0.0
2015/12/29,12:18 AM,1.72,1.39,98.0,SSE,0.0,0.0,1014.22,0.0,0.25,0.0,0.0
2015/12/29,12:24 AM,1.72,1.39,98.0,SSE,0.0,0.0,1014.22,0.0,0.25,0.0,0.0
2015/12/29,12:29 AM,1.72,1.39,98.0,SSE,0.0,0.0,1014.22,0.0,0.25,0.0,0.0
2015/12/29,12:34 AM,1.72,1.39,98.0,SSE,0.0,0.0,1014.22,0.0,0.25,0.0,0.0
2015/12/29,12:40 AM,1.61,1.28,98.0,SSE,0.0,0.0,1014.22,0.0,0.25,0.0,0.0
2015/12/29,12:45 AM,1.61,1.22,97.0,SSE,0.0,0.0,1014.56,0.0,0.25,0.0,0.0
2015/12/29,12:50 AM,1.72,1.28,97.0,SSE,0.0,0.0,1014.56,0.0,0.25,0.0,0.0
2015/12/29,12:56 AM,1.72,1.28,97.0,SSE,0.0,0.0,1014.56,0.0,0.25,0.0,0.0
2015/12/29,01:01 AM,1.78,1.39,97.0,SSE,0.0,0.0,1014.22,0.0,0.25,0.0,0.0
2015/12/29,01:06 AM,1.78,1.39,97.0,SSE,0.0,0.0,1014.22,0.0,0.25,0.0,0.0
2015/12/29,01:11 AM,1.89,1.5,97.0,SSE,0.0,0.0,1014.56,0.0,0.25,0.0,0.0
2015/12/29,01:16 AM,1.89,1.5,97.0,SSE,0.0,0.0,1014.22,0.0,0.25,0.0,0.0
2015/12/29,01:21 AM,2.0,1.61,97.0,SSE,0.0,0.0,1014.22,0.0,0.25,0.0,0.0
2015/12/29,01:26 AM,2.0,1.61,97.0,SSE,0.0,0.0,1014.22,0.0,0.25,0.0,0.0
2015/12/29,01:32 AM,2.11,1.72,97.0,SSE,0.0,0.0,1014.22,0.0,0.25,0.0,0.0
2015/12/29,01:37 AM,2.22,1.78,97.0,SSE,0.0,0.0,1013.88,0.0,0.25,0.0,0.0
2015/12/29,01:42 AM,2.22,1.78,97.0,SSE,0.0,0.0,1014.22,0.0,0.25,0.0,0.0
2015/12/29,01:48 AM,2.28,1.89,97.0,SSE,0.0,0.0,1014.22,0.0,0.25,0.0,0.0
2015/12/29,01:53 AM,2.28,1.89,97.0,SSE,0.0,0.0,1013.88,0.0,0.25,0.0,0.0
2015/12/29,01:58 AM,2.39,2.0,97.0,SSE,0.0,0.0,1014.22,0.0,0.25,0.0,0.0
2015/12/29,02:04 AM,2.5,2.11,97.0,SSE,0.0,0.0,1014.22,0.0,0.25,0.0,0.0
2015/12/29,02:09 AM,2.5,2.11,97.0,SSE,0.0,0.0,1014.22,0.0,0.25,0.0,0.0
2015/12/29,02:14 AM,2.61,2.5,99.0,SSE,0.0,0.0,1014.22,0.0,0.25,0.0,0.0
2015/12/29,02:20 AM,2.72,2.61,99.0,SSE,0.0,0.0,1014.56,0.0,0.25,0.0,0.0
2015/12/29,02:25 AM,2.72,2.28,97.0,SSE,0.0,0.0,1014.22,0.0,0.25,0.0,0.0
2015/12/29,02:30 AM,2.72,2.28,97.0,SSE,0.0,0.0,1014.56,0.0,0.25,0.0,0.0
2015/12/29,02:36 AM,2.61,2.22,97.0,SSE,0.0,0.0,1014.22,0.0,0.25,0.0,0.0
2015/12/29,02:41 AM,2.61,2.22,97.0,SSE,0.0,0.0,1014.56,0.0,0.25,0.0,0.0
2015/12/29,02:46 AM,2.61,2.22,97.0,SSE,0.0,0.0,1014.56,0.0,0.25,0.0,0.0
2015/12/29,02:52 AM,2.5,2.11,97.0,SSE,0.0,0.0,1014.56,0.0,0.25,0.0,0.0
2015/12/29,02:57 AM,2.5,2.11,97.0,SSE,0.0,0.0,1014.56,0.0,0.25,0.0,0.0
2015/12/29,03:02 AM,2.5,2.11,97.0,SSE,0.0,0.0,1014.56,0.0,0.25,0.0,0.0
2015/12/29,03:08 AM,2.5,2.11,97.0,SSE,0.0,0.0,1014.56,0.0,0.25,0.0,0.0
2015/12/29,03:13 AM,2.39,2.0,97.0,SSE,0.0,0.0,1014.56,0.0,0.25,0.0,0.0
2015/12/29,03:18 AM,2.39,2.0,97.0,SSE,0.0,0.0,1014.56,0.0,0.25,0.0,0.0
2015/12/29,03:24 AM,2.39,2.0,97.0,SSE,0.0,0.0,1014.56,0.0,0.25,0.0,0.0
2015/12/29,03:29 AM,2.39,2.0,97.0,South,0.0,0.0,1014.56,0.0,0.25,0.0,0.0
2015/12/29,03:34 AM,2.39,2.28,99.0,SE,0.32,4.02,1014.56,0.0,0.25,0.0,0.0
2015/12/29,03:40 AM,2.39,2.28,99.0,SE,0.0,0.0,1014.22,0.0,0.25,0.0,0.0
2015/12/29,03:45 AM,2.39,2.28,99.0,SE,0.0,0.0,1014.56,0.0,0.25,0.0,0.0
2015/12/29,03:50 AM,2.5,2.39,99.0,SE,0.0,0.0,1014.22,0.0,0.25,0.0,0.0
2015/12/29,03:56 AM,2.61,2.5,99.0,SE,0.32,4.02,1014.56,0.0,0.25,0.0,0.0
2015/12/29,04:01 AM,2.61,2.5,99.0,SE,0.32,4.02,1014.22,0.0,0.25,0.0,0.0
2015/12/29,04:06 AM,2.72,2.61,99.0,SE,0.0,0.0,1014.22,0.0,0.25,0.0,0.0
2015/12/29,04:11 AM,2.78,2.72,99.0,SE,0.32,4.02,1014.22,0.0,0.25,0.0,0.0
2015/12/29,04:17 AM,2.89,2.78,99.0,SE,0.0,0.0,1013.88,0.0,0.25,0.0,0.0
2015/12/29,04:22 AM,2.89,2.78,99.0,SE,0.0,0.0,1013.88,0.0,0.25,0.0,0.0
2015/12/29,04:28 AM,3.0,2.89,99.0,SE,0.0,0.0,1013.88,0.0,0.25,0.0,0.0
2015/12/29,04:33 AM,3.0,2.89,99.0,SE,0.64,4.02,1013.88,0.0,0.25,0.0,0.0
2015/12/29,04:38 AM,3.0,2.89,99.0,SE,1.45,4.02,1013.55,0.0,0.25,0.0,0.0
2015/12/29,04:43 AM,3.0,2.89,99.0,SE,0.64,4.02,1013.55,0.0,0.25,0.0,0.0
2015/12/29,04:48 AM,3.11,3.0,99.0,SE,1.45,4.02,1013.55,0.0,0.25,0.0,0.0
2015/12/29,04:53 AM,3.11,3.0,99.0,SE,0.0,0.0,1013.88,0.0,0.25,0.0,0.0
2015/12/29,04:59 AM,3.11,3.0,99.0,SE,0.0,0.0,1013.88,0.0,0.25,0.0,0.0
2015/12/29,05:04 AM,3.11,3.0,99.0,SE,0.0,0.0,1014.22,0.0,0.25,0.0,0.0
2015/12/29,05:09 AM,3.22,3.11,99.0,SE,0.0,0.0,1013.88,0.0,0.25,0.0,0.0
2015/12/29,05:15 AM,3.11,3.0,99.0,SE,0.0,0.0,1013.55,0.0,0.25,0.0,0.0
2015/12/29,05:20 AM,3.11,2.72,97.0,SE,0.0,0.0,1013.55,0.0,0.25,0.0,0.0
2015/12/29,05:25 AM,3.11,2.72,97.0,SE,0.0,0.0,1013.55,0.0,0.25,0.0,0.0
2015/12/29,05:31 AM,3.11,2.72,97.0,SE,0.0,0.0,1013.88,0.0,0.25,0.0,0.0
2015/12/29,05:36 AM,3.11,2.72,97.0,SE,0.0,0.0,1013.55,0.0,0.25,0.0,0.0
2015/12/29,05:41 AM,3.0,2.61,97.0,SE,0.0,0.0,1013.55,0.0,0.25,0.0,0.0
2015/12/29,05:47 AM,3.0,2.61,97.0,SE,0.0,0.0,1013.88,0.0,0.25,0.0,0.0
2015/12/29,05:52 AM,3.0,2.61,97.0,SE,0.0,0.0,1013.88,0.0,0.25,0.0,0.0
2015/12/29,05:57 AM,2.89,2.5,97.0,SE,0.0,0.0,1013.88,0.0,0.25,0.0,0.0
2015/12/29,06:03 AM,2.89,2.5,97.0,SE,0.0,0.0,1013.88,0.0,0.25,0.0,0.0
2015/12/29,06:08 AM,2.89,2.5,97.0,SE,0.0,0.0,1013.55,0.0,0.25,0.0,0.0
2015/12/29,06:13 AM,2.78,2.39,97.0,SE,0.0,0.0,1013.88,0.0,0.25,0.0,0.0
2015/12/29,06:19 AM,2.78,2.39,97.0,SE,0.0,0.0,1013.55,0.0,0.25,0.0,0.0
2015/12/29,06:24 AM,2.72,2.28,97.0,SE,0.0,0.0,1013.55,0.0,0.25,0.0,0.0
2015/12/29,06:29 AM,2.72,2.28,97.0,SE,0.0,0.0,1013.55,0.0,0.25,0.0,0.0
2015/12/29,06:35 AM,2.72,2.28,97.0,SE,0.0,0.0,1013.55,0.0,0.25,0.0,0.0
2015/12/29,06:40 AM,2.61,2.22,97.0,SE,0.0,0.0,1013.55,0.0,0.25,0.0,0.0
2015/12/29,06:45 AM,2.61,2.22,97.0,SE,0.0,0.0,1013.55,0.0,0.25,0.0,0.0
2015/12/29,06:51 AM,2.61,2.22,97.0,SE,0.0,0.0,1013.88,0.0,0.25,0.0,0.0
2015/12/29,06:56 AM,2.61,2.22,97.0,SE,0.0,0.0,1013.88,0.0,0.25,0.0,0.0
2015/12/29,07:01 AM,2.61,2.22,97.0,SE,0.0,0.0,1014.22,0.0,0.25,0.0,0.0
2015/12/29,07:07 AM,2.61,2.22,97.0,SE,0.0,0.0,1014.22,0.0,0.25,0.0,0.0
2015/12/29,07:12 AM,2.61,2.22,97.0,SE,0.0,0.0,1014.22,0.0,0.25,0.0,0.0
2015/12/29,07:17 AM,2.61,2.22,97.0,SE,0.0,0.0,1014.22,0.0,0.25,0.0,0.0
2015/12/29,07:23 AM,2.61,2.22,97.0,SE,0.0,0.0,1014.22,0.0,0.25,0.0,0.0
2015/12/29,07:28 AM,2.61,2.22,97.0,SE,0.0,0.0,1014.22,0.0,0.25,0.0,0.0
2015/12/29,07:33 AM,2.61,2.22,97.0,SE,0.0,0.0,1014.22,0.0,0.25,0.0,0.0
2015/12/29,07:39 AM,2.61,2.22,97.0,SE,0.0,0.0,1014.22,0.0,0.25,0.0,0.0
2015/12/29,07:44 AM,2.61,2.22,97.0,SE,0.0,0.0,1014.56,0.0,0.25,0.0,0.0
2015/12/29,07:49 AM,2.72,2.28,97.0,SE,0.0,0.0,1014.56,0.0,0.25,0.0,0.0
2015/12/29,07:55 AM,2.72,2.61,99.0,SE,0.0,0.0,1014.56,0.0,0.25,0.0,0.0
2015/12/29,08:00 AM,2.72,2.61,99.0,SE,0.0,0.0,1014.56,0.0,0.25,0.0,0.0
2015/12/29,08:05 AM,2.78,2.72,99.0,SE,0.0,0.0,1014.56,0.0,0.25,0.0,0.8
2015/12/29,08:10 AM,2.89,2.78,99.0,SE,0.0,0.0,1014.56,0.0,0.25,0.0,2.8
2015/12/29,08:15 AM,3.0,2.89,99.0,SE,0.32,4.02,1014.56,0.0,0.25,0.0,4.4
2015/12/29,08:20 AM,3.11,3.0,99.0,SE,0.0,0.0,1014.56,0.0,0.25,0.0,4.8
2015/12/29,08:25 AM,3.22,3.11,99.0,SE,0.0,0.0,1014.56,0.0,0.25,0.0,7.3
2015/12/29,08:30 AM,3.28,3.22,99.0,SE,0.0,0.0,1014.22,0.0,0.25,0.0,10.3
2015/12/29,08:35 AM,3.5,3.39,99.0,SE,0.0,0.0,1014.56,0.0,0.25,0.0,12.4
2015/12/29,08:40 AM,3.61,3.5,99.0,SE,0.0,0.0,1014.56,0.0,0.25,0.0,17.9
2015/12/29,08:45 AM,3.61,3.5,99.0,SE,0.0,0.0,1014.56,0.0,0.25,0.0,22.0
2015/12/29,08:50 AM,3.72,3.61,99.0,SE,0.0,0.0,1014.56,0.0,0.25,1.0,28.2
2015/12/29,08:55 AM,3.72,3.61,99.0,SE,0.0,0.0,1014.56,0.0,0.25,1.0,34.8
2015/12/29,09:00 AM,3.72,3.61,99.0,SE,0.0,0.0,1014.56,0.0,0.25,1.0,34.5
2015/12/29,09:05 AM,3.78,3.72,99.0,SE,0.0,0.0,1014.56,0.0,0.25,1.0,31.0
2015/12/29,09:10 AM,3.78,3.72,99.0,SE,0.0,0.0,1014.56,0.0,0.25,1.0,33.0
2015/12/29,09:16 AM,3.89,3.78,99.0,ESE,4.34,7.88,1014.56,0.0,0.25,1.0,40.0
2015/12/29,09:21 AM,3.89,3.78,99.0,ESE,0.0,0.0,1014.56,0.0,0.25,1.0,42.5
2015/12/29,09:26 AM,4.0,3.89,99.0,ESE,0.0,0.0,1014.22,0.0,0.25,1.0,47.0
2015/12/29,09:31 AM,4.0,3.89,99.0,ESE,0.0,0.0,1014.56,0.0,0.25,1.0,53.2
2015/12/29,09:36 AM,4.0,3.89,99.0,ESE,0.32,4.02,1014.22,0.0,0.25,1.0,61.6
2015/12/29,09:41 AM,4.11,4.0,99.0,ESE,1.77,4.02,1014.56,0.0,0.25,1.0,58.3
2015/12/29,09:46 AM,4.22,4.11,99.0,SE,8.21,11.91,1014.56,0.0,0.25,1.0,57.1
2015/12/29,09:51 AM,4.22,4.11,99.0,ESE,0.0,0.0,1014.56,0.0,0.25,1.0,69.1
2015/12/29,09:56 AM,4.28,4.22,99.0,ESE,0.0,0.0,1014.56,0.0,0.25,1.0,84.5
2015/12/29,10:01 AM,4.39,4.28,99.0,ESE,0.0,0.0,1014.56,0.0,0.25,1.0,93.4
2015/12/29,10:06 AM,4.5,4.39,99.0,ESE,0.0,0.0,1014.56,0.0,0.25,1.0,96.1
2015/12/29,10:11 AM,4.61,4.5,99.0,SE,3.22,4.02,1014.56,0.0,0.25,1.0,91.9
2015/12/29,10:16 AM,4.72,4.61,99.0,ENE,0.64,4.02,1014.56,0.0,0.25,1.0,115.2
2015/12/29,10:21 AM,4.78,4.72,99.0,ESE,0.32,4.02,1014.56,0.0,0.25,1.0,108.7
2015/12/29,10:27 AM,4.89,4.61,98.0,ESE,0.0,0.0,1014.56,0.0,0.25,1.0,111.9
2015/12/29,10:32 AM,5.0,4.72,98.0,ESE,0.32,4.02,1014.22,0.0,0.25,1.0,97.3
2015/12/29,10:37 AM,5.11,4.72,97.0,ESE,0.0,0.0,1014.22,0.0,0.25,1.0,100.6
2015/12/29,10:42 AM,5.11,4.72,97.0,ESE,0.0,0.0,1014.22,0.0,0.25,1.0,93.2
2015/12/29,10:47 AM,5.22,4.61,96.0,ESE,0.0,0.0,1014.22,0.0,0.25,1.0,94.2
2015/12/29,10:52 AM,5.22,4.5,95.0,East,0.0,0.0,1014.22,0.0,0.25,1.0,110.6
2015/12/29,10:57 AM,5.28,4.61,95.0,ESE,0.32,4.02,1013.88,0.0,0.25,1.0,122.6
2015/12/29,11:02 AM,5.28,4.61,95.0,SSE,0.0,0.0,1013.88,0.0,0.25,1.0,135.8
2015/12/29,11:07 AM,5.39,4.5,94.0,SE,0.0,0.0,1014.22,0.0,0.25,1.0,151.7
2015/12/29,11:12 AM,5.5,4.61,94.0,SE,0.32,4.02,1013.88,0.0,0.25,1.0,139.1
2015/12/29,11:17 AM,5.61,4.61,93.0,SSE,1.77,4.02,1013.88,0.0,0.25,1.0,144.6
2015/12/29,11:27 AM,5.78,4.61,92.0,East,0.0,0.0,1013.88,0.0,0.25,1.0,148.6
2015/12/29,11:32 AM,5.78,4.61,92.0,East,1.45,4.02,1013.88,0.0,0.25,1.0,158.1
2015/12/29,11:37 AM,5.89,4.61,91.0,ENE,0.0,0.0,1013.88,0.0,0.25,2.0,181.1
2015/12/29,11:43 AM,6.0,4.61,91.0,ESE,1.45,4.02,1013.88,0.0,0.25,2.0,181.1
2015/12/29,11:48 AM,6.11,4.72,91.0,ESE,2.09,4.02,1013.88,0.0,0.25,2.0,178.0
2015/12/29,11:53 AM,6.22,4.72,90.0,East,1.45,4.02,1013.55,0.0,0.25,2.0,182.0
2015/12/29,11:58 AM,6.28,4.78,90.0,ESE,0.0,0.0,1013.21,0.0,0.25,1.0,150.4
2015/12/29,12:03 PM,6.28,4.78,90.0,SE,4.02,7.88,1013.21,0.0,0.25,1.0,151.9
2015/12/29,12:08 PM,6.39,4.72,89.0,ESE,2.9,4.02,1012.87,0.0,0.25,1.0,142.7
2015/12/29,12:13 PM,6.39,4.72,89.0,ESE,4.34,7.88,1012.87,0.0,0.25,1.0,130.2
2015/12/29,12:18 PM,6.39,4.72,89.0,ESE,4.34,7.88,1013.21,0.0,0.25,1.0,137.6
2015/12/29,12:23 PM,6.39,4.72,89.0,ESE,6.92,11.91,1012.87,0.0,0.25,1.0,141.2
2015/12/29,12:28 PM,6.5,4.78,89.0,ENE,0.32,4.02,1012.87,0.0,0.25,1.0,129.5
2015/12/29,12:33 PM,6.5,4.78,89.0,ESE,1.77,4.02,1012.87,0.0,0.25,1.0,120.7
2015/12/29,12:38 PM,6.61,4.89,89.0,SE,2.09,4.02,1012.87,0.0,0.25,1.0,128.2
2015/12/29,12:43 PM,6.72,5.0,89.0,ESE,2.9,4.02,1012.53,0.0,0.25,1.0,135.6
2015/12/29,12:48 PM,6.72,5.0,89.0,East,3.22,4.02,1012.53,0.0,0.25,1.0,129.5
2015/12/29,12:53 PM,6.72,5.0,89.0,ESE,2.9,4.02,1012.53,0.0,0.25,1.0,125.9
2015/12/29,12:59 PM,6.72,5.0,89.0,East,1.45,4.02,1012.53,0.0,0.25,1.0,122.6
2015/12/29,01:04 PM,6.72,5.0,89.0,SE,0.32,4.02,1012.19,0.0,0.25,1.0,116.0
2015/12/29,01:09 PM,6.72,5.0,89.0,SE,0.32,4.02,1012.53,0.0,0.25,1.0,110.2
2015/12/29,01:14 PM,6.72,5.0,89.0,SE,0.64,4.02,1012.53,0.0,0.25,1.0,108.8
2015/12/29,01:19 PM,6.72,4.89,88.0,SE,0.0,0.0,1012.53,0.0,0.25,1.0,113.6
2015/12/29,01:24 PM,6.78,5.0,88.0,East,0.0,0.0,1012.53,0.0,0.25,1.0,110.1
2015/12/29,01:29 PM,6.78,5.11,89.0,ESE,2.09,4.02,1012.53,0.0,0.25,1.0,98.5
2015/12/29,01:34 PM,6.78,5.28,90.0,East,0.0,0.0,1012.19,0.0,0.25,1.0,86.2
2015/12/29,01:39 PM,6.78,5.28,90.0,ESE,3.22,4.02,1012.19,0.0,0.25,1.0,77.5
2015/12/29,01:44 PM,6.78,5.28,90.0,ESE,0.32,4.02,1012.19,0.0,0.25,1.0,78.9
2015/12/29,01:49 PM,6.78,5.39,91.0,ESE,0.64,4.02,1012.53,0.0,0.25,1.0,65.3
2015/12/29,01:54 PM,6.78,5.61,92.0,East,0.0,0.0,1012.19,0.0,0.25,1.0,64.2
2015/12/29,01:59 PM,6.78,5.61,92.0,ESE,0.0,0.0,1012.19,1.78,0.51,1.0,67.9
2015/12/29,02:04 PM,6.72,5.72,93.0,SE,0.64,4.02,1012.19,1.78,0.51,1.0,67.5
2015/12/29,02:09 PM,6.72,5.72,93.0,ESE,0.0,0.0,1012.19,0.0,0.51,1.0,54.8
2015/12/29,02:14 PM,6.72,5.78,94.0,ESE,0.0,0.0,1012.19,0.0,0.51,1.0,48.6
2015/12/29,02:20 PM,6.72,5.78,94.0,ESE,0.0,0.0,1012.19,0.0,0.51,1.0,51.1
2015/12/29,02:25 PM,6.61,5.89,95.0,ESE,0.0,0.0,1011.85,0.0,0.51,1.0,54.3
2015/12/29,02:30 PM,6.61,5.89,95.0,ESE,0.0,0.0,1012.19,0.0,0.51,1.0,47.6
2015/12/29,02:35 PM,6.61,5.89,95.0,ESE,0.0,0.0,1012.19,0.0,0.51,1.0,43.9
2015/12/29,02:40 PM,6.61,6.0,96.0,ESE,0.0,0.0,1012.19,0.0,0.51,1.0,44.4
2015/12/29,02:45 PM,6.5,5.89,96.0,ESE,0.0,0.0,1012.19,0.0,0.51,1.0,46.8
2015/12/29,02:51 PM,6.5,6.11,97.0,ESE,0.0,0.0,1012.19,0.0,0.51,1.0,36.8
2015/12/29,02:56 PM,6.5,6.11,97.0,SE,0.0,0.0,1012.19,0.0,0.51,1.0,25.0
2015/12/29,03:01 PM,6.5,6.11,97.0,SE,0.0,0.0,1012.19,0.0,0.51,1.0,22.9
2015/12/29,03:06 PM,6.39,6.0,97.0,SE,0.0,0.0,1011.85,1.78,1.02,1.0,23.7
2015/12/29,03:11 PM,6.39,6.0,97.0,ESE,0.0,0.0,1011.85,1.78,1.02,1.0,25.1
2015/12/29,03:16 PM,6.39,6.0,97.0,ESE,0.0,0.0,1011.85,0.0,1.02,0.0,15.9
2015/12/29,03:21 PM,6.28,6.0,98.0,ESE,0.0,0.0,1011.85,0.0,1.02,0.0,3.1
2015/12/29,03:26 PM,6.28,6.0,98.0,ESE,0.32,4.02,1011.85,1.78,1.27,0.0,0.9
2015/12/29,03:31 PM,6.22,5.89,98.0,SSE,0.0,0.0,1011.85,1.78,1.27,0.0,5.6
2015/12/29,03:36 PM,6.11,5.78,98.0,SSE,0.0,0.0,1011.85,1.78,1.52,0.0,5.7
2015/12/29,03:41 PM,6.11,5.78,98.0,SE,4.02,7.88,1011.85,1.78,1.52,0.0,7.1
2015/12/29,03:46 PM,6.0,5.72,98.0,SE,0.64,4.02,1011.51,0.0,1.52,0.0,6.9
2015/12/29,03:51 PM,6.0,5.72,98.0,SE,0.0,0.0,1011.85,0.0,1.52,0.0,6.8
2015/12/29,03:56 PM,5.89,5.61,98.0,SE,0.32,4.02,1011.85,0.0,1.52,0.0,4.5
2015/12/29,04:01 PM,5.89,5.61,98.0,SE,2.09,4.02,1011.85,0.0,1.52,0.0,2.4
2015/12/29,04:06 PM,5.89,5.61,98.0,SE,0.0,0.0,1011.85,0.0,1.52,0.0,0.0
2015/12/29,04:12 PM,5.78,5.5,98.0,SE,2.09,4.02,1012.19,0.0,1.52,0.0,0.0
2015/12/29,04:17 PM,5.78,5.72,99.0,SE,0.0,0.0,1011.85,0.0,1.52,0.0,0.0
2015/12/29,04:22 PM,5.78,5.5,98.0,SE,5.47,7.88,1011.85,0.0,1.52,0.0,0.0
2015/12/29,04:28 PM,5.72,5.11,96.0,East,1.45,4.02,1012.19,1.78,1.78,0.0,0.0
2015/12/29,04:33 PM,5.72,5.0,95.0,SE,0.0,0.0,1012.53,0.0,1.78,0.0,0.0
2015/12/29,04:38 PM,5.72,5.0,95.0,SE,0.0,0.0,1012.53,1.78,2.03,0.0,0.0
2015/12/29,04:44 PM,5.61,5.0,96.0,SE,0.0,0.0,1012.53,1.78,2.03,0.0,0.0
2015/12/29,04:49 PM,5.61,5.22,97.0,SE,0.0,0.0,1012.53,1.78,2.29,0.0,0.0
2015/12/29,04:54 PM,5.5,5.22,98.0,SE,0.0,0.0,1012.53,1.78,2.29,0.0,0.0
2015/12/29,05:00 PM,5.5,5.39,99.0,SE,0.0,0.0,1012.53,1.78,2.79,0.0,0.0
2015/12/29,05:05 PM,5.39,5.28,99.0,SE,0.0,0.0,1012.53,3.56,3.05,0.0,0.0
2015/12/29,05:10 PM,5.39,5.28,99.0,SE,0.0,0.0,1012.53,1.78,3.05,0.0,0.0
2015/12/29,05:16 PM,5.39,5.28,99.0,SE,0.0,0.0,1012.53,1.78,3.3,0.0,0.0
2015/12/29,05:21 PM,5.28,5.22,99.0,SE,0.0,0.0,1012.53,5.33,3.81,0.0,0.0
2015/12/29,05:26 PM,5.22,5.11,99.0,SE,0.0,0.0,1012.53,5.33,4.32,0.0,0.0
2015/12/29,05:32 PM,5.22,5.11,99.0,SE,0.0,0.0,1012.53,3.56,4.57,0.0,0.0
2015/12/29,05:37 PM,5.11,5.0,99.0,ESE,0.32,4.02,1012.87,3.56,4.83,0.0,0.0
2015/12/29,05:42 PM,5.0,4.89,99.0,SE,1.45,4.02,1012.87,1.78,5.08,0.0,0.0
2015/12/29,05:47 PM,4.89,4.78,99.0,SE,1.45,4.02,1012.87,1.78,5.08,0.0,0.0
2015/12/29,05:52 PM,4.78,4.72,99.0,SE,0.64,4.02,1012.87,1.78,5.33,0.0,0.0
2015/12/29,05:57 PM,4.72,4.61,99.0,SE,0.0,0.0,1012.87,1.78,5.33,0.0,0.0
2015/12/29,06:03 PM,4.72,4.61,99.0,SE,0.0,0.0,1012.87,3.56,6.1,0.0,0.0
2015/12/29,06:08 PM,4.61,4.5,99.0,SE,0.0,0.0,1012.87,7.11,6.6,0.0,0.0
2015/12/29,06:13 PM,4.5,4.39,99.0,SE,0.0,0.0,1013.21,7.11,7.11,0.0,0.0
2015/12/29,06:19 PM,4.39,4.28,99.0,SE,5.79,7.88,1013.21,5.33,7.62,0.0,0.0
2015/12/29,06:24 PM,4.28,4.22,99.0,ESE,4.67,7.88,1012.87,3.56,7.87,0.0,0.0
2015/12/29,06:29 PM,4.22,4.11,99.0,SE,2.09,4.02,1012.53,3.56,8.13,0.0,0.0
2015/12/29,06:34 PM,4.11,4.0,99.0,SE,7.88,7.88,1012.53,3.56,8.38,0.0,0.0
2015/12/29,06:39 PM,4.0,3.89,99.0,SE,5.79,7.88,1012.53,3.56,8.64,0.0,0.0
2015/12/29,06:44 PM,3.89,3.78,99.0,SSE,1.77,4.02,1012.53,3.56,8.89,0.0,0.0
2015/12/29,06:49 PM,3.89,3.78,99.0,SSE,2.9,4.02,1012.53,3.56,9.4,0.0,0.0
2015/12/29,06:54 PM,3.78,3.72,99.0,SE,1.77,4.02,1012.19,5.33,9.91,0.0,0.0
2015/12/29,06:59 PM,3.78,3.72,99.0,SE,4.02,7.88,1012.19,1.78,9.91,0.0,0.0
2015/12/29,07:04 PM,3.72,3.61,99.0,SE,2.9,4.02,1012.19,0.0,9.91,0.0,0.0
2015/12/29,07:09 PM,3.72,3.61,99.0,SE,0.0,0.0,1012.19,0.0,9.91,0.0,0.0
2015/12/29,07:14 PM,3.72,3.61,99.0,ESE,0.0,0.0,1012.19,0.0,9.91,0.0,0.0
2015/12/29,07:20 PM,3.72,3.61,99.0,ESE,0.0,0.0,1012.53,0.0,9.91,0.0,0.0
2015/12/29,07:25 PM,3.72,3.61,99.0,ESE,0.0,0.0,1012.53,0.0,9.91,0.0,0.0
2015/12/29,07:30 PM,3.78,3.72,99.0,SE,0.0,0.0,1012.53,0.0,9.91,0.0,0.0
2015/12/29,07:41 PM,3.78,3.72,99.0,SE,0.0,0.0,1012.53,0.0,9.91,0.0,0.0
2015/12/29,07:46 PM,3.78,3.72,99.0,SE,0.0,0.0,1012.19,0.0,9.91,0.0,0.0
2015/12/29,07:51 PM,3.89,3.78,99.0,SE,1.45,4.02,1012.19,0.0,9.91,0.0,0.0
2015/12/29,07:57 PM,3.89,3.78,99.0,SE,0.0,0.0,1012.19,0.0,9.91,0.0,0.0
2015/12/29,08:02 PM,3.89,3.78,99.0,SE,0.0,0.0,1011.85,0.0,9.91,0.0,0.0
2015/12/29,08:08 PM,3.89,3.78,99.0,SE,0.0,0.0,1012.19,0.0,9.91,0.0,0.0
2015/12/29,08:13 PM,3.89,3.78,99.0,SE,0.0,0.0,1012.53,0.0,9.91,0.0,0.0
2015/12/29,08:18 PM,3.89,3.78,99.0,SE,0.0,0.0,1012.53,0.0,9.91,0.0,0.0
2015/12/29,08:24 PM,4.0,3.89,99.0,SE,0.0,0.0,1012.53,0.0,9.91,0.0,0.0
2015/12/29,08:29 PM,4.0,3.89,99.0,SE,0.0,0.0,1012.53,0.0,9.91,0.0,0.0
2015/12/29,08:34 PM,4.0,3.89,99.0,SE,0.0,0.0,1012.53,0.0,9.91,0.0,0.0
2015/12/29,08:40 PM,4.0,3.89,99.0,SE,0.0,0.0,1012.53,0.0,9.91,0.0,0.0
2015/12/29,08:45 PM,4.0,3.89,99.0,SE,0.0,0.0,1012.53,0.0,9.91,0.0,0.0
2015/12/29,08:50 PM,4.0,3.89,99.0,SE,0.0,0.0,1012.53,0.0,9.91,0.0,0.0
2015/12/29,08:56 PM,4.0,3.89,99.0,SE,0.0,0.0,1012.53,0.0,9.91,0.0,0.0
2015/12/29,09:01 PM,3.89,3.78,99.0,SE,0.0,0.0,1012.53,0.0,9.91,0.0,0.0
2015/12/29,09:06 PM,3.89,3.78,99.0,SE,0.0,0.0,1012.53,0.0,9.91,0.0,0.0
2015/12/29,09:12 PM,3.89,3.78,99.0,SE,0.0,0.0,1012.87,0.0,9.91,0.0,0.0
2015/12/29,09:17 PM,3.89,3.78,99.0,SE,0.0,0.0,1012.53,0.0,9.91,0.0,0.0
2015/12/29,09:22 PM,3.78,3.72,99.0,SE,0.0,0.0,1012.87,0.0,9.91,0.0,0.0
2015/12/29,09:28 PM,3.78,3.72,99.0,SE,0.0,0.0,1012.87,0.0,9.91,0.0,0.0
2015/12/29,09:33 PM,3.78,3.72,99.0,SE,0.0,0.0,1012.87,0.0,9.91,0.0,0.0
2015/12/29,09:38 PM,3.78,3.72,99.0,SE,0.0,0.0,1012.87,0.0,9.91,0.0,0.0
2015/12/29,09:44 PM,3.72,3.61,99.0,SE,0.0,0.0,1013.21,0.0,9.91,0.0,0.0
2015/12/29,09:49 PM,3.72,3.61,99.0,SE,0.0,0.0,1013.55,0.0,9.91,0.0,0.0
2015/12/29,09:54 PM,3.72,3.61,99.0,SE,0.0,0.0,1013.55,0.0,9.91,0.0,0.0
2015/12/29,10:00 PM,3.72,3.61,99.0,SE,0.0,0.0,1013.55,0.0,9.91,0.0,0.0
2015/12/29,10:05 PM,3.72,3.61,99.0,SE,0.0,0.0,1013.55,0.0,9.91,0.0,0.0
2015/12/29,10:10 PM,3.72,3.61,99.0,SE,0.0,0.0,1013.21,0.0,9.91,0.0,0.0
2015/12/29,10:16 PM,3.61,3.5,99.0,SE,0.0,0.0,1013.55,0.0,9.91,0.0,0.0
2015/12/29,10:21 PM,3.61,3.5,99.0,SE,0.0,0.0,1013.55,0.0,9.91,0.0,0.0
2015/12/29,10:26 PM,3.61,3.5,99.0,SE,0.0,0.0,1013.55,0.0,9.91,0.0,0.0
2015/12/29,10:31 PM,3.72,3.61,99.0,SE,0.0,0.0,1013.55,0.0,9.91,0.0,0.0
2015/12/29,10:37 PM,3.72,3.61,99.0,SE,0.0,0.0,1013.55,0.0,9.91,0.0,0.0
2015/12/29,10:42 PM,3.72,3.61,99.0,SE,0.0,0.0,1013.55,0.0,9.91,0.0,0.0
2015/12/29,10:48 PM,3.72,3.61,99.0,SE,0.0,0.0,1013.55,0.0,9.91,0.0,0.0
2015/12/29,10:53 PM,3.72,3.61,99.0,SE,0.0,0.0,1013.55,0.0,9.91,0.0,0.0
2015/12/29,10:58 PM,3.72,3.61,99.0,SE,0.0,0.0,1013.88,0.0,9.91,0.0,0.0
2015/12/29,11:04 PM,3.78,3.72,99.0,SE,0.0,0.0,1013.88,0.0,9.91,0.0,0.0
2015/12/29,11:09 PM,3.78,3.72,99.0,SE,0.0,0.0,1013.88,0.0,9.91,0.0,0.0
2015/12/29,11:14 PM,3.78,3.72,99.0,SE,0.0,0.0,1013.88,0.0,9.91,0.0,0.0
2015/12/29,11:20 PM,3.78,3.72,99.0,SE,0.0,0.0,1013.88,0.0,9.91,0.0,0.0
2015/12/29,11:25 PM,3.78,3.72,99.0,SE,0.0,0.0,1014.22,0.0,9.91,0.0,0.0
2015/12/29,11:30 PM,3.89,3.78,99.0,SE,0.0,0.0,1013.88,0.0,9.91,0.0,0.0
2015/12/29,11:36 PM,3.89,3.78,99.0,SE,0.0,0.0,1013.88,0.0,9.91,0.0,0.0
2015/12/29,11:41 PM,3.89,3.78,99.0,SE,0.0,0.0,1013.88,0.0,9.91,0.0,0.0
2015/12/29,11:46 PM,4.0,3.89,99.0,SE,0.0,0.0,1013.88,0.0,9.91,0.0,0.0
2015/12/29,11:52 PM,4.0,3.89,99.0,SE,0.0,0.0,1013.88,0.0,9.91,0.0,0.0
2015/12/29,11:57 PM,4.0,3.89,99.0,SE,0.0,0.0,1013.55,0.0,9.91,0.0,0.0
2015/12/30,12:02 AM,4.11,4.0,99.0,SE,0.0,0.0,1013.88,0.0,0.0,0.0,0.0
2015/12/30,12:08 AM,4.11,4.0,99.0,SE,0.0,0.0,1013.88,0.0,0.0,0.0,0.0
2015/12/30,12:13 AM,4.11,4.0,99.0,SE,0.0,0.0,1013.88,0.0,0.0,0.0,0.0
2015/12/30,12:18 AM,4.11,4.0,99.0,SE,0.0,0.0,1013.88,0.0,0.0,0.0,0.0
2015/12/30,12:24 AM,4.11,4.0,99.0,SE,0.0,0.0,1014.22,0.0,0.0,0.0,0.0
2015/12/30,12:29 AM,4.22,4.11,99.0,SE,0.0,0.0,1013.88,0.0,0.0,0.0,0.0
2015/12/30,12:34 AM,4.22,4.11,99.0,SE,0.0,0.0,1013.88,0.0,0.0,0.0,0.0
2015/12/30,12:40 AM,4.22,4.11,99.0,SE,0.0,0.0,1014.22,0.0,0.0,0.0,0.0
2015/12/30,12:45 AM,4.22,4.11,99.0,SE,0.0,0.0,1013.88,0.0,0.0,0.0,0.0
2015/12/30,12:50 AM,4.22,4.11,99.0,SE,0.0,0.0,1013.88,0.0,0.0,0.0,0.0
2015/12/30,12:56 AM,4.28,4.22,99.0,SE,0.0,0.0,1013.88,0.0,0.0,0.0,0.0
2015/12/30,01:01 AM,4.28,4.22,99.0,SE,0.0,0.0,1014.22,0.0,0.0,0.0,0.0
2015/12/30,01:06 AM,4.28,4.22,99.0,SE,0.0,0.0,1013.88,0.0,0.0,0.0,0.0
2015/12/30,01:12 AM,4.28,4.22,99.0,SE,0.0,0.0,1014.22,0.0,0.0,0.0,0.0
2015/12/30,01:17 AM,4.28,4.22,99.0,SE,0.0,0.0,1014.22,0.0,0.0,0.0,0.0
2015/12/30,01:22 AM,4.28,4.22,99.0,SE,0.0,0.0,1014.22,0.0,0.0,0.0,0.0
2015/12/30,01:28 AM,4.28,4.22,99.0,SE,0.0,0.0,1014.22,0.0,0.0,0.0,0.0
2015/12/30,01:33 AM,4.28,4.22,99.0,SE,0.0,0.0,1014.56,0.0,0.0,0.0,0.0
2015/12/30,01:38 AM,4.28,4.22,99.0,SE,0.0,0.0,1014.22,0.0,0.0,0.0,0.0
2015/12/30,01:44 AM,4.28,4.22,99.0,SE,0.0,0.0,1014.56,0.0,0.0,0.0,0.0
2015/12/30,01:49 AM,4.28,4.22,99.0,SE,0.0,0.0,1014.56,0.0,0.0,0.0,0.0
2015/12/30,01:54 AM,4.28,4.22,99.0,SE,0.0,0.0,1014.56,0.0,0.0,0.0,0.0
2015/12/30,02:00 AM,4.28,4.22,99.0,SE,0.0,0.0,1014.56,0.0,0.0,0.0,0.0
2015/12/30,02:05 AM,4.28,4.22,99.0,SE,0.0,0.0,1014.9,0.0,0.0,0.0,0.0
2015/12/30,02:10 AM,4.28,4.22,99.0,SE,0.0,0.0,1014.9,0.0,0.0,0.0,0.0
2015/12/30,02:16 AM,4.28,4.22,99.0,SE,0.0,0.0,1014.9,0.0,0.0,0.0,0.0
2015/12/30,02:21 AM,4.28,4.22,99.0,SE,0.0,0.0,1014.9,0.0,0.0,0.0,0.0
2015/12/30,02:26 AM,4.28,4.22,99.0,SE,0.0,0.0,1015.24,0.0,0.0,0.0,0.0
2015/12/30,02:32 AM,4.28,4.22,99.0,SE,0.0,0.0,1015.24,0.0,0.0,0.0,0.0
2015/12/30,02:37 AM,4.28,4.22,99.0,SE,0.0,0.0,1015.24,0.0,0.0,0.0,0.0
2015/12/30,02:42 AM,4.28,4.22,99.0,SE,0.0,0.0,1015.24,0.0,0.0,0.0,0.0
2015/12/30,02:48 AM,4.28,4.22,99.0,SE,0.0,0.0,1015.24,0.0,0.0,0.0,0.0
2015/12/30,02:53 AM,4.28,4.22,99.0,SE,0.0,0.0,1015.58,0.0,0.0,0.0,0.0
2015/12/30,02:58 AM,4.28,4.22,99.0,SE,0.0,0.0,1015.58,0.0,0.0,0.0,0.0
2015/12/30,03:04 AM,4.28,4.22,99.0,SE,0.0,0.0,1015.58,0.0,0.0,0.0,0.0
2015/12/30,03:09 AM,4.28,4.22,99.0,SE,0.0,0.0,1015.58,0.0,0.0,0.0,0.0
2015/12/30,03:14 AM,4.28,4.22,99.0,SSE,0.0,0.0,1015.58,0.0,0.0,0.0,0.0
2015/12/30,03:20 AM,4.28,4.22,99.0,South,0.0,0.0,1015.92,1.78,0.25,0.0,0.0
2015/12/30,03:25 AM,4.28,4.22,99.0,ESE,0.32,4.02,1015.92,0.0,0.25,0.0,0.0
2015/12/30,03:30 AM,4.22,4.11,99.0,ESE,0.0,0.0,1015.92,0.0,0.25,0.0,0.0
2015/12/30,03:36 AM,4.22,4.11,99.0,ESE,0.0,0.0,1015.92,0.0,0.25,0.0,0.0
2015/12/30,03:41 AM,4.22,4.11,99.0,ESE,0.0,0.0,1015.92,0.0,0.25,0.0,0.0
2015/12/30,03:46 AM,4.22,4.11,99.0,ESE,0.0,0.0,1015.92,0.0,0.25,0.0,0.0
2015/12/30,03:52 AM,4.22,4.11,99.0,ESE,0.0,0.0,1016.26,0.0,0.25,0.0,0.0
2015/12/30,03:57 AM,4.22,4.11,99.0,ESE,0.0,0.0,1016.26,0.0,0.25,0.0,0.0
2015/12/30,04:02 AM,4.22,4.11,99.0,NE,0.0,0.0,1016.26,0.0,0.25,0.0,0.0
2015/12/30,04:07 AM,4.22,4.11,99.0,North,1.77,4.02,1016.59,0.0,0.25,0.0,0.0
2015/12/30,04:12 AM,4.22,4.11,99.0,NNE,1.45,4.02,1016.26,0.0,0.25,0.0,0.0
2015/12/30,04:18 AM,4.22,4.11,99.0,NNE,4.34,7.88,1016.59,0.0,0.25,0.0,0.0
2015/12/30,04:23 AM,4.11,4.0,99.0,North,0.0,0.0,1016.59,0.0,0.25,0.0,0.0
2015/12/30,04:28 AM,4.0,3.89,99.0,NE,0.0,0.0,1016.59,0.0,0.25,0.0,0.0
2015/12/30,04:33 AM,4.0,3.89,99.0,NNE,0.32,4.02,1016.93,0.0,0.25,0.0,0.0
2015/12/30,04:38 AM,3.89,3.78,99.0,NE,1.45,4.02,1016.93,0.0,0.25,0.0,0.0
2015/12/30,04:44 AM,3.78,3.72,99.0,,0.32,4.02,1016.93,0.0,0.25,0.0,0.0
2015/12/30,04:49 AM,3.61,3.5,99.0,North,2.09,4.02,1016.93,0.0,0.25,0.0,0.0
2015/12/30,04:54 AM,3.5,3.39,99.0,NNE,0.32,4.02,1016.93,0.0,0.25,0.0,0.0
2015/12/30,05:00 AM,3.39,3.28,99.0,NNE,0.32,4.02,1016.93,0.0,0.25,0.0,0.0
2015/12/30,05:05 AM,3.39,3.28,99.0,NNE,0.0,0.0,1016.93,0.0,0.25,0.0,0.0
2015/12/30,05:10 AM,3.28,3.22,99.0,NNE,1.77,4.02,1017.27,0.0,0.25,0.0,0.0
2015/12/30,05:15 AM,3.22,3.11,99.0,NNE,0.32,4.02,1017.27,0.0,0.25,0.0,0.0
2015/12/30,05:21 AM,3.22,3.11,99.0,NNE,0.0,0.0,1017.61,0.0,0.25,0.0,0.0
2015/12/30,05:26 AM,3.22,3.11,99.0,NNE,0.0,0.0,1017.61,0.0,0.25,0.0,0.0
2015/12/30,05:32 AM,3.11,3.0,99.0,,0.0,0.0,1017.61,0.0,0.25,0.0,0.0
2015/12/30,05:37 AM,3.11,3.0,99.0,NNW,0.64,4.02,1017.61,0.0,0.25,0.0,0.0
2015/12/30,05:42 AM,3.0,2.89,99.0,WNW,0.32,4.02,1017.95,0.0,0.25,0.0,0.0
2015/12/30,05:47 AM,3.0,2.61,97.0,West,0.0,0.0,1017.95,0.0,0.25,0.0,0.0
2015/12/30,05:52 AM,3.0,2.61,97.0,NW,0.64,4.02,1017.95,0.0,0.25,0.0,0.0
2015/12/30,05:57 AM,2.89,2.5,97.0,NW,0.0,0.0,1017.95,0.0,0.25,0.0,0.0
2015/12/30,06:03 AM,2.89,2.5,97.0,North,0.0,0.0,1017.95,0.0,0.25,0.0,0.0
2015/12/30,06:08 AM,2.89,2.5,97.0,NNE,0.32,4.02,1017.95,0.0,0.25,0.0,0.0
2015/12/30,06:13 AM,2.78,2.39,97.0,NNE,0.64,4.02,1017.95,0.0,0.25,0.0,0.0
2015/12/30,06:18 AM,2.78,2.39,97.0,NNW,1.77,4.02,1017.95,0.0,0.25,0.0,0.0
2015/12/30,06:23 AM,2.78,2.39,97.0,NNE,0.0,0.0,1018.29,0.0,0.25,0.0,0.0
2015/12/30,06:28 AM,2.78,2.39,97.0,NNE,0.0,0.0,1018.29,0.0,0.25,0.0,0.0
2015/12/30,06:34 AM,2.72,2.28,97.0,NNE,0.0,0.0,1018.63,0.0,0.25,0.0,0.0
2015/12/30,06:39 AM,2.72,2.28,97.0,NNE,0.0,0.0,1018.63,0.0,0.25,0.0,0.0
2015/12/30,06:44 AM,2.72,2.28,97.0,NNE,0.0,0.0,1018.63,0.0,0.25,0.0,0.0
2015/12/30,06:50 AM,2.72,2.28,97.0,North,1.45,4.02,1018.63,0.0,0.25,0.0,0.0
2015/12/30,06:55 AM,2.72,2.28,97.0,NNE,2.09,4.02,1018.63,0.0,0.25,0.0,0.0
2015/12/30,07:00 AM,2.61,2.22,97.0,NNE,0.0,0.0,1018.63,0.0,0.25,0.0,0.0
2015/12/30,07:06 AM,2.61,2.22,97.0,NNE,0.0,0.0,1018.63,0.0,0.25,0.0,0.0
2015/12/30,07:11 AM,2.61,2.22,97.0,NW,0.0,0.0,1018.96,0.0,0.25,0.0,0.0
2015/12/30,07:16 AM,2.61,2.22,97.0,NW,0.0,0.0,1018.96,0.0,0.25,0.0,0.0
2015/12/30,07:22 AM,2.61,2.22,97.0,NW,0.0,0.0,1018.63,0.0,0.25,0.0,0.0
2015/12/30,07:27 AM,2.61,2.22,97.0,WNW,4.34,7.88,1018.63,0.0,0.25,0.0,0.0
2015/12/30,07:32 AM,2.5,2.11,97.0,WNW,0.0,0.0,1018.96,0.0,0.25,0.0,0.0
2015/12/30,07:37 AM,2.5,2.11,97.0,NW,2.09,4.02,1018.63,0.0,0.25,0.0,0.0
2015/12/30,07:42 AM,2.39,2.0,97.0,WNW,0.64,4.02,1018.96,0.0,0.25,0.0,0.0
2015/12/30,07:47 AM,2.39,2.0,97.0,NW,0.0,0.0,1018.96,0.0,0.25,0.0,0.0
2015/12/30,07:52 AM,2.39,2.0,97.0,NNW,0.0,0.0,1018.96,0.0,0.25,0.0,0.0
2015/12/30,07:58 AM,2.28,1.89,97.0,,0.32,4.02,1018.96,0.0,0.25,0.0,0.0
2015/12/30,08:03 AM,2.28,1.89,97.0,,0.0,0.0,1018.96,0.0,0.25,0.0,0.9
2015/12/30,08:08 AM,2.22,1.78,97.0,,0.0,0.0,1018.96,0.0,0.25,0.0,2.7
2015/12/30,08:13 AM,2.22,1.78,97.0,,0.0,0.0,1018.96,0.0,0.25,0.0,5.4
2015/12/30,08:18 AM,2.22,1.78,97.0,,0.0,0.0,1019.3,0.0,0.25,0.0,10.2
2015/12/30,08:24 AM,2.11,1.72,97.0,,0.0,0.0,1019.3,0.0,0.25,0.0,12.6
2015/12/30,08:29 AM,2.11,1.72,97.0,,0.0,0.0,1018.96,0.0,0.25,0.0,12.0
2015/12/30,08:34 AM,2.22,1.78,97.0,,0.0,0.0,1019.3,0.0,0.25,0.0,19.3
2015/12/30,08:39 AM,2.11,1.72,97.0,NE,0.0,0.0,1019.64,0.0,0.25,0.0,21.1
2015/12/30,08:44 AM,2.11,1.72,97.0,NE,0.0,0.0,1019.64,0.0,0.25,0.0,19.9
2015/12/30,08:49 AM,2.11,1.72,97.0,NE,0.0,0.0,1019.3,0.0,0.25,0.0,25.6
2015/12/30,08:54 AM,2.22,1.78,97.0,NE,0.0,0.0,1019.64,0.0,0.25,1.0,30.4
2015/12/30,08:59 AM,2.22,1.78,97.0,NNE,1.45,4.02,1019.98,0.0,0.25,1.0,34.8
2015/12/30,09:04 AM,2.22,1.78,97.0,NNE,0.32,4.02,1019.98,0.0,0.25,1.0,36.6
2015/12/30,09:09 AM,2.22,1.78,97.0,NNE,0.0,0.0,1019.98,0.0,0.25,1.0,42.4
2015/12/30,09:14 AM,2.22,1.78,97.0,NNE,0.32,4.02,1020.32,0.0,0.25,1.0,40.4
2015/12/30,09:18 AM,2.22,1.78,97.0,North,0.48,2.09,1020.32,0.0,0.25,1.0,40.2
2015/12/30,09:28 AM,2.22,1.78,97.0,NNE,0.32,4.02,1020.32,0.0,0.25,1.0,47.5
2015/12/30,09:34 AM,2.22,1.78,97.0,NNE,0.0,0.0,1020.32,0.0,0.25,1.0,53.9
2015/12/30,09:39 AM,2.22,1.78,97.0,NNE,0.32,4.02,1020.32,0.0,0.25,1.0,57.2
2015/12/30,09:44 AM,2.22,1.78,97.0,NNE,0.0,0.0,1020.32,0.0,0.25,1.0,62.4
2015/12/30,09:49 AM,2.22,1.78,97.0,NNW,0.0,0.0,1020.32,0.0,0.25,1.0,43.1
2015/12/30,09:54 AM,2.28,1.89,97.0,NNW,0.0,0.0,1020.66,0.0,0.25,1.0,39.6
2015/12/30,09:59 AM,2.28,1.89,97.0,NNW,0.0,0.0,1020.66,0.0,0.25,1.0,57.4
2015/12/30,10:04 AM,2.39,2.0,97.0,NW,0.0,0.0,1020.66,0.0,0.25,1.0,62.6
2015/12/30,10:09 AM,2.5,2.11,97.0,NW,0.0,0.0,1020.66,0.0,0.25,1.0,76.8
2015/12/30,10:14 AM,2.5,2.11,97.0,NW,0.0,0.0,1020.66,0.0,0.25,1.0,71.2
2015/12/30,10:19 AM,2.61,2.22,97.0,NW,0.0,0.0,1020.66,0.0,0.25,1.0,80.3
2015/12/30,10:24 AM,2.61,2.22,97.0,NW,0.0,0.0,1021.0,0.0,0.25,1.0,76.2
2015/12/30,10:29 AM,2.72,2.61,99.0,NW,0.0,0.0,1020.66,0.0,0.25,1.0,63.4
2015/12/30,10:34 AM,2.72,2.28,97.0,NW,0.0,0.0,1020.66,0.0,0.25,1.0,68.6
2015/12/30,10:39 AM,2.72,2.28,97.0,NW,0.0,0.0,1021.0,0.0,0.25,1.0,67.5
2015/12/30,10:44 AM,2.78,2.39,97.0,NW,0.32,4.02,1021.0,0.0,0.25,1.0,79.9
2015/12/30,10:50 AM,2.78,2.72,99.0,West,0.32,4.02,1020.66,0.0,0.25,1.0,88.7
2015/12/30,10:55 AM,2.78,2.72,99.0,West,1.45,4.02,1020.66,0.0,0.25,1.0,85.6
2015/12/30,11:00 AM,2.78,2.72,99.0,West,0.0,0.0,1020.66,0.0,0.25,1.0,85.2
2015/12/30,11:05 AM,2.89,2.78,99.0,West,0.0,0.0,1020.66,0.0,0.25,1.0,81.7
2015/12/30,11:10 AM,2.89,2.78,99.0,West,0.0,0.0,1020.66,0.0,0.25,1.0,82.2
2015/12/30,11:15 AM,3.0,2.89,99.0,West,0.0,0.0,1020.66,0.0,0.25,1.0,72.2
2015/12/30,11:20 AM,3.11,3.0,99.0,West,0.0,0.0,1020.66,0.0,0.25,1.0,74.9
2015/12/30,11:25 AM,3.22,3.11,99.0,West,0.0,0.0,1020.66,0.0,0.25,1.0,78.9
2015/12/30,11:30 AM,3.22,3.11,99.0,West,0.0,0.0,1020.66,0.0,0.25,1.0,98.3
2015/12/30,11:35 AM,3.28,3.22,99.0,West,0.0,0.0,1020.66,0.0,0.25,1.0,90.6
2015/12/30,11:40 AM,3.28,3.22,99.0,West,0.32,4.02,1020.66,0.0,0.25,1.0,96.7
2015/12/30,11:45 AM,3.39,3.28,99.0,West,0.32,4.02,1020.66,0.0,0.25,1.0,88.5
2015/12/30,11:50 AM,3.39,3.28,99.0,West,0.0,0.0,1020.66,0.0,0.25,1.0,99.3
2015/12/30,11:55 AM,3.5,3.39,99.0,West,1.45,4.02,1020.66,0.0,0.25,1.0,102.7
2015/12/30,12:00 PM,3.61,3.5,99.0,WNW,2.09,4.02,1020.66,0.0,0.25,1.0,80.2
2015/12/30,12:06 PM,3.61,3.5,99.0,West,1.45,4.02,1020.66,0.0,0.25,1.0,73.3
2015/12/30,12:11 PM,3.61,3.5,99.0,West,2.9,4.02,1020.66,0.0,0.25,1.0,80.2
2015/12/30,12:16 PM,3.61,3.5,99.0,NW,0.0,0.0,1020.66,0.0,0.25,1.0,82.3
2015/12/30,12:21 PM,3.72,3.61,99.0,West,0.32,4.02,1020.66,0.0,0.25,1.0,82.4
2015/12/30,12:26 PM,3.61,3.5,99.0,,0.0,0.0,1020.66,0.0,0.25,1.0,78.2
2015/12/30,12:31 PM,3.61,3.5,99.0,NW,0.0,0.0,1020.66,0.0,0.25,1.0,82.9
2015/12/30,12:36 PM,3.61,3.5,99.0,NNE,0.32,4.02,1020.66,0.0,0.25,1.0,82.9
2015/12/30,12:41 PM,3.61,3.5,99.0,NNE,0.0,0.0,1020.66,0.0,0.25,1.0,78.3
2015/12/30,12:46 PM,3.5,3.39,99.0,West,2.09,4.02,1020.66,0.0,0.25,1.0,71.5
2015/12/30,12:51 PM,3.5,3.22,98.0,NW,0.0,0.0,1020.66,0.0,0.25,1.0,81.7
2015/12/30,12:56 PM,3.5,3.22,98.0,NNE,0.32,4.02,1020.66,0.0,0.25,1.0,80.1
2015/12/30,01:01 PM,3.5,3.22,98.0,WNW,1.45,4.02,1020.66,0.0,0.25,1.0,83.7
2015/12/30,01:06 PM,3.5,3.11,97.0,NNE,0.64,4.02,1020.66,0.0,0.25,1.0,81.3
2015/12/30,01:11 PM,3.39,3.0,97.0,NNE,2.9,4.02,1020.66,0.0,0.25,1.0,76.3
2015/12/30,01:16 PM,3.39,2.78,96.0,NNE,0.0,0.0,1020.66,0.0,0.25,1.0,79.1
2015/12/30,01:22 PM,3.39,2.78,96.0,NE,0.32,4.02,1020.66,0.0,0.25,1.0,87.4
2015/12/30,01:27 PM,3.39,2.78,96.0,NNW,0.32,4.02,1020.66,0.0,0.25,1.0,77.0
2015/12/30,01:32 PM,3.39,2.78,96.0,NNE,0.0,0.0,1020.66,0.0,0.25,1.0,80.8
2015/12/30,01:37 PM,3.39,2.78,96.0,NNE,1.77,4.02,1020.66,0.0,0.25,1.0,73.2
2015/12/30,01:42 PM,3.39,2.78,96.0,NNE,0.32,4.02,1020.66,0.0,0.25,1.0,77.8
2015/12/30,01:47 PM,3.39,2.78,96.0,NNE,0.32,4.02,1020.66,0.0,0.25,1.0,73.8
2015/12/30,01:52 PM,3.39,2.78,96.0,,0.32,4.02,1020.66,0.0,0.25,1.0,75.4
2015/12/30,01:57 PM,3.39,2.78,96.0,NNW,0.0,0.0,1020.66,0.0,0.25,1.0,68.7
2015/12/30,02:02 PM,3.39,2.78,96.0,NNE,0.64,4.02,1020.66,0.0,0.25,1.0,67.2
2015/12/30,02:07 PM,3.39,2.78,96.0,NNW,4.34,7.88,1020.32,0.0,0.25,1.0,60.9
2015/12/30,02:12 PM,3.39,2.78,96.0,NNE,0.32,4.02,1020.66,0.0,0.25,1.0,63.5
2015/12/30,02:17 PM,3.39,2.78,96.0,North,2.9,4.02,1020.66,0.0,0.25,1.0,60.7
2015/12/30,02:22 PM,3.28,2.72,96.0,NNE,1.45,4.02,1020.32,0.0,0.25,1.0,63.8
2015/12/30,02:27 PM,3.22,2.61,96.0,NNE,0.0,0.0,1020.32,0.0,0.25,1.0,62.2
2015/12/30,02:32 PM,3.22,2.61,96.0,NNE,0.0,0.0,1020.66,0.0,0.25,1.0,53.8
2015/12/30,02:38 PM,3.22,2.78,97.0,,0.0,0.0,1020.66,0.0,0.25,1.0,53.4
2015/12/30,02:43 PM,3.22,2.78,97.0,,0.0,0.0,1020.66,0.0,0.25,1.0,47.6
2015/12/30,02:48 PM,3.22,2.78,97.0,,0.0,0.0,1020.32,0.0,0.25,1.0,42.6
2015/12/30,02:53 PM,3.22,2.78,97.0,NNW,0.0,0.0,1020.66,0.0,0.25,1.0,42.9
2015/12/30,02:58 PM,3.28,2.89,97.0,WNW,0.0,0.0,1020.66,0.0,0.25,1.0,37.5
2015/12/30,03:03 PM,3.28,2.89,97.0,WNW,2.09,4.02,1020.66,0.0,0.25,1.0,34.6
2015/12/30,03:08 PM,3.28,2.89,97.0,NW,0.0,0.0,1020.66,0.0,0.25,1.0,34.1
2015/12/30,03:13 PM,3.22,2.89,98.0,NW,0.32,4.02,1020.66,0.0,0.25,1.0,31.6
2015/12/30,03:18 PM,3.22,2.89,98.0,NW,0.32,4.02,1020.66,0.0,0.25,1.0,31.1
2015/12/30,03:23 PM,3.22,2.89,98.0,NW,0.0,0.0,1020.66,0.0,0.25,0.0,27.0
2015/12/30,03:28 PM,3.11,2.78,98.0,WNW,0.0,0.0,1021.0,0.0,0.25,0.0,27.8
2015/12/30,03:33 PM,3.11,2.78,98.0,WNW,1.45,4.02,1020.66,0.0,0.25,0.0,25.6
2015/12/30,03:38 PM,3.11,2.78,98.0,NNW,4.02,4.02,1020.66,0.0,0.25,0.0,23.9
2015/12/30,03:43 PM,3.11,2.78,98.0,NW,0.0,0.0,1020.66,0.0,0.25,0.0,24.8
2015/12/30,03:48 PM,3.0,2.72,98.0,NW,0.0,0.0,1020.66,0.0,0.25,0.0,24.1
2015/12/30,03:54 PM,3.0,2.61,97.0,NW,0.0,0.0,1020.66,0.0,0.25,0.0,22.2
2015/12/30,03:59 PM,3.0,2.61,97.0,NW,0.0,0.0,1021.0,0.0,0.25,0.0,18.2
2015/12/30,04:04 PM,3.11,2.72,97.0,NW,0.0,0.0,1021.0,0.0,0.25,0.0,17.2
2015/12/30,04:09 PM,3.11,2.72,97.0,WNW,0.0,0.0,1020.66,0.0,0.25,0.0,10.8
2015/12/30,04:14 PM,3.11,2.5,96.0,WNW,0.0,0.0,1020.66,0.0,0.25,0.0,9.2
2015/12/30,04:19 PM,3.11,2.5,96.0,WNW,0.0,0.0,1021.0,0.0,0.25,0.0,6.1
2015/12/30,04:24 PM,3.22,2.61,96.0,WNW,0.0,0.0,1021.0,0.0,0.25,0.0,3.8
2015/12/30,04:29 PM,3.11,2.5,96.0,WNW,0.0,0.0,1020.66,0.0,0.25,0.0,1.5
2015/12/30,04:34 PM,3.11,2.5,96.0,WNW,0.0,0.0,1020.66,0.0,0.25,0.0,0.0
2015/12/30,04:40 PM,3.11,2.5,96.0,WNW,0.0,0.0,1021.0,0.0,0.25,0.0,0.0
2015/12/30,04:45 PM,3.11,2.5,96.0,WNW,0.0,0.0,1021.0,0.0,0.25,0.0,0.0
2015/12/30,04:50 PM,3.11,2.5,96.0,WNW,0.0,0.0,1021.0,0.0,0.25,0.0,0.0
2015/12/30,04:56 PM,3.11,2.5,96.0,WNW,0.0,0.0,1021.0,0.0,0.25,0.0,0.0
2015/12/30,05:01 PM,3.11,2.5,96.0,WNW,0.0,0.0,1021.0,0.0,0.25,0.0,0.0
2015/12/30,05:06 PM,3.11,2.5,96.0,WNW,0.0,0.0,1020.66,0.0,0.25,0.0,0.0
2015/12/30,05:12 PM,3.11,2.5,96.0,WNW,0.0,0.0,1020.66,0.0,0.25,0.0,0.0
2015/12/30,05:17 PM,3.11,2.72,97.0,WNW,0.0,0.0,1020.66,0.0,0.25,0.0,0.0
2015/12/30,05:22 PM,3.11,2.72,97.0,WNW,0.0,0.0,1021.0,0.0,0.25,0.0,0.0
2015/12/30,05:28 PM,3.11,2.72,97.0,WNW,0.0,0.0,1021.0,0.0,0.25,0.0,0.0
2015/12/30,05:33 PM,3.11,2.78,98.0,WNW,0.0,0.0,1021.0,0.0,0.25,0.0,0.0
2015/12/30,05:38 PM,3.11,2.78,98.0,WNW,0.0,0.0,1021.0,0.0,0.25,0.0,0.0
2015/12/30,05:44 PM,3.11,2.78,98.0,WNW,0.0,0.0,1021.0,0.0,0.25,0.0,0.0
2015/12/30,05:49 PM,3.11,3.0,99.0,WNW,0.0,0.0,1021.0,0.0,0.25,0.0,0.0
2015/12/30,05:54 PM,3.11,3.0,99.0,WNW,0.0,0.0,1021.0,0.0,0.25,0.0,0.0
2015/12/30,06:00 PM,3.11,3.0,99.0,WNW,0.0,0.0,1021.33,0.0,0.25,0.0,0.0
2015/12/30,06:05 PM,3.11,3.0,99.0,WNW,0.0,0.0,1021.33,0.0,0.25,0.0,0.0
2015/12/30,06:10 PM,3.11,3.0,99.0,WNW,0.0,0.0,1021.33,0.0,0.25,0.0,0.0
2015/12/30,06:16 PM,3.22,3.11,99.0,NW,1.45,4.02,1021.0,0.0,0.25,0.0,0.0
2015/12/30,06:21 PM,3.22,3.11,99.0,NW,0.0,0.0,1021.67,0.0,0.25,0.0,0.0
2015/12/30,06:26 PM,3.22,2.89,98.0,NW,0.0,0.0,1021.33,0.0,0.25,0.0,0.0
2015/12/30,06:31 PM,3.22,2.89,98.0,NW,0.32,4.02,1021.33,0.0,0.25,0.0,0.0
2015/12/30,06:37 PM,3.22,3.11,99.0,NW,0.0,0.0,1021.67,0.0,0.25,0.0,0.0
2015/12/30,06:42 PM,3.22,3.11,99.0,NW,0.0,0.0,1021.33,0.0,0.25,0.0,0.0
2015/12/30,06:48 PM,3.22,3.11,99.0,NW,0.0,0.0,1021.33,0.0,0.25,0.0,0.0
2015/12/30,06:53 PM,3.22,2.89,98.0,NW,0.0,0.0,1021.67,0.0,0.25,0.0,0.0
2015/12/30,06:58 PM,3.22,2.89,98.0,NW,0.0,0.0,1021.33,0.0,0.25,0.0,0.0
2015/12/30,07:03 PM,3.22,2.89,98.0,NW,0.32,4.02,1021.33,0.0,0.25,0.0,0.0
2015/12/30,07:08 PM,3.22,2.89,98.0,East,0.32,4.02,1021.67,0.0,0.25,0.0,0.0
2015/12/30,07:14 PM,3.22,2.78,97.0,ESE,0.64,4.02,1021.67,0.0,0.25,0.0,0.0
2015/12/30,07:19 PM,3.22,2.78,97.0,ESE,0.0,0.0,1021.33,0.0,0.25,0.0,0.0
2015/12/30,07:24 PM,3.22,2.78,97.0,ESE,0.0,0.0,1021.67,0.0,0.25,0.0,0.0
2015/12/30,07:29 PM,3.22,2.78,97.0,ESE,1.45,4.02,1021.33,0.0,0.25,0.0,0.0
2015/12/30,07:34 PM,3.22,2.78,97.0,ESE,0.0,0.0,1021.67,0.0,0.25,0.0,0.0
2015/12/30,07:40 PM,3.22,2.78,97.0,ESE,0.0,0.0,1021.33,0.0,0.25,0.0,0.0
2015/12/30,07:45 PM,3.22,2.78,97.0,ESE,0.0,0.0,1021.33,0.0,0.25,0.0,0.0
2015/12/30,07:50 PM,3.22,2.78,97.0,ESE,0.0,0.0,1021.33,0.0,0.25,0.0,0.0
2015/12/30,07:56 PM,3.22,2.78,97.0,ESE,0.0,0.0,1021.33,0.0,0.25,0.0,0.0
2015/12/30,08:01 PM,3.22,2.61,96.0,ESE,0.0,0.0,1021.33,0.0,0.25,0.0,0.0
2015/12/30,08:06 PM,3.22,2.61,96.0,ESE,0.0,0.0,1021.67,0.0,0.25,0.0,0.0
2015/12/30,08:12 PM,3.22,2.61,96.0,ESE,0.0,0.0,1021.33,0.0,0.25,0.0,0.0
2015/12/30,08:17 PM,3.22,2.61,96.0,ESE,0.0,0.0,1021.33,0.0,0.25,0.0,0.0
2015/12/30,08:22 PM,3.22,2.61,96.0,East,0.0,0.0,1021.33,0.0,0.25,0.0,0.0
2015/12/30,08:28 PM,3.22,2.78,97.0,East,0.0,0.0,1021.33,0.0,0.25,0.0,0.0
2015/12/30,08:33 PM,3.22,2.78,97.0,East,0.0,0.0,1021.67,0.0,0.25,0.0,0.0
2015/12/30,08:38 PM,3.22,2.78,97.0,East,0.0,0.0,1022.01,0.0,0.25,0.0,0.0
2015/12/30,08:44 PM,3.22,2.78,97.0,East,0.0,0.0,1021.67,0.0,0.25,0.0,0.0
2015/12/30,08:49 PM,3.22,2.78,97.0,East,0.0,0.0,1022.01,0.0,0.25,0.0,0.0
2015/12/30,08:54 PM,3.22,2.78,97.0,East,0.0,0.0,1021.67,0.0,0.25,0.0,0.0
2015/12/30,09:00 PM,3.22,2.78,97.0,East,0.0,0.0,1022.35,0.0,0.25,0.0,0.0
2015/12/30,09:05 PM,3.28,2.89,97.0,East,0.0,0.0,1022.01,0.0,0.25,0.0,0.0
2015/12/30,09:10 PM,3.28,2.89,97.0,NNE,0.0,0.0,1022.01,0.0,0.25,0.0,0.0
2015/12/30,09:16 PM,3.28,2.89,97.0,ENE,0.32,4.02,1022.01,0.0,0.25,0.0,0.0
2015/12/30,09:21 PM,3.28,2.89,97.0,ESE,2.9,4.02,1022.01,0.0,0.25,0.0,0.0
2015/12/30,09:26 PM,3.28,2.28,93.0,SE,0.0,0.0,1022.01,0.0,0.25,0.0,0.0
2015/12/30,09:31 PM,3.11,2.11,93.0,ESE,0.0,0.0,1022.01,0.0,0.25,0.0,0.0
2015/12/30,09:36 PM,3.11,2.22,94.0,ESE,0.0,0.0,1022.01,0.0,0.25,0.0,0.0
2015/12/30,09:41 PM,3.0,2.28,95.0,ESE,0.0,0.0,1022.01,0.0,0.25,0.0,0.0
2015/12/30,09:47 PM,2.89,2.28,96.0,ESE,0.0,0.0,1022.35,0.0,0.25,0.0,0.0
2015/12/30,09:52 PM,2.78,2.22,96.0,ESE,0.0,0.0,1022.35,0.0,0.25,0.0,0.0
2015/12/30,09:57 PM,2.61,2.22,97.0,ESE,0.0,0.0,1022.35,0.0,0.25,0.0,0.0
2015/12/30,10:03 PM,2.39,2.11,98.0,ESE,0.0,0.0,1022.35,0.0,0.25,0.0,0.0
2015/12/30,10:08 PM,2.22,1.89,98.0,North,0.0,0.0,1022.35,0.0,0.25,0.0,0.0
2015/12/30,10:13 PM,2.0,1.72,98.0,North,0.32,4.02,1022.35,0.0,0.25,0.0,0.0
2015/12/30,10:18 PM,1.78,1.5,98.0,North,2.09,4.02,1022.35,0.0,0.25,0.0,0.0
2015/12/30,10:23 PM,1.61,1.28,98.0,North,1.45,4.02,1022.69,0.0,0.25,0.0,0.0
2015/12/30,10:28 PM,1.5,1.22,98.0,North,0.0,0.0,1022.35,0.0,0.25,0.0,0.0
2015/12/30,10:34 PM,1.39,1.11,98.0,North,0.0,0.0,1022.35,0.0,0.25,0.0,0.0
2015/12/30,10:39 PM,1.28,1.0,98.0,North,0.0,0.0,1022.35,0.0,0.25,0.0,0.0
2015/12/30,10:44 PM,1.28,1.0,98.0,North,0.0,0.0,1022.69,0.0,0.25,0.0,0.0
2015/12/30,10:50 PM,1.22,0.89,98.0,North,0.0,0.0,1022.35,0.0,0.25,0.0,0.0
2015/12/30,10:55 PM,1.22,0.89,98.0,North,0.0,0.0,1022.35,0.0,0.25,0.0,0.0
2015/12/30,11:00 PM,1.11,0.78,98.0,North,0.0,0.0,1022.35,0.0,0.25,0.0,0.0
2015/12/30,11:06 PM,1.11,0.78,98.0,North,0.0,0.0,1022.35,0.0,0.25,0.0,0.0
2015/12/30,11:11 PM,1.11,0.78,98.0,North,0.0,0.0,1022.35,0.0,0.25,0.0,0.0
2015/12/30,11:16 PM,1.11,0.78,98.0,North,0.0,0.0,1022.35,0.0,0.25,0.0,0.0
2015/12/30,11:22 PM,1.11,0.78,98.0,North,0.0,0.0,1022.35,0.0,0.25,0.0,0.0
2015/12/30,11:27 PM,1.22,0.89,98.0,North,0.0,0.0,1022.35,0.0,0.25,0.0,0.0
2015/12/30,11:32 PM,1.22,0.89,98.0,North,0.0,0.0,1022.35,0.0,0.25,0.0,0.0
2015/12/30,11:38 PM,1.22,0.89,98.0,North,0.0,0.0,1022.35,0.0,0.25,0.0,0.0
2015/12/30,11:43 PM,1.22,0.89,98.0,North,0.0,0.0,1022.01,0.0,0.25,0.0,0.0
2015/12/30,11:48 PM,1.22,0.89,98.0,North,0.0,0.0,1022.01,0.0,0.25,0.0,0.0
2015/12/30,11:54 PM,1.22,0.89,98.0,North,0.0,0.0,1022.01,0.0,0.25,0.0,0.0
2015/12/30,11:59 PM,1.28,1.0,98.0,North,0.0,0.0,1022.01,0.0,0.25,0.0,0.0
