,scene_num,what,who,directions
0,0,direction,,
1,0,direction,,
2,0,direction,,
3,0,direction,,
4,0,direction,,
5,0,direction,,
6,0,direction,,
7,0,direction,,
8,0,direction,,
9,0,direction,,
10,0,direction,,
11,1,scene,,
12,2,direction,,
13,2,direction,,
14,3,scene,,
15,4,direction,,
16,4,direction,,
17,5,scene,,
18,6,direction,,
19,6,direction,,
20,6,dialog,ASSISTANT,(COVERS MICROPHONE)
21,6,dialog,ANSEN,
22,6,direction,,
23,6,dialog,ASSISTANT,"(pause, listens);(PAUSE)"
24,6,direction,,
25,6,dialog,ANSEN,
26,6,dialog,ASSISTANT,
27,6,direction,,
28,6,direction,,
29,7,scene,,
30,8,direction,,
31,8,direction,,
32,8,dialog,ANSEN,
33,8,direction,,
34,8,dialog,NSA AGENT,(SMILES)
35,8,direction,,
36,8,dialog,ANSEN,
37,8,direction,,
38,8,dialog,NSA AGENT,
39,8,direction,,
40,8,dialog,ANSEN,
41,8,direction,,
42,8,dialog,ANSEN,(CONT'D);(MORE)
43,8,dialog,ANSEN,(CONT'D)
44,8,direction,,
45,8,dialog,NSA AGENT,
46,8,dialog,ANSEN,(SMILES)
47,8,dialog,NSA AGENT,
48,8,direction,,
49,8,dialog,ASSISTANT,
50,8,dialog,NSA AGENT,(IGNORES HIM)
51,8,direction,,
52,8,dialog,ANSEN,(SMILES)
53,8,dialog,NSA AGENT,
54,8,dialog,ANSEN,
55,8,direction,,
56,8,dialog,NSA AGENT,
57,8,dialog,ASSISTANT,(DELICATE);(CHANGES TACK)
58,8,direction,,
59,8,dialog,ANSEN,
60,8,dialog,NSA AGENT,
61,8,dialog,ANSEN,(INDIGNANT)
62,8,dialog,GOVERNMENT MAN,(STANDS)
63,8,direction,,
64,8,dialog,ASSISTANT,
65,8,direction,,
66,8,dialog,ANSEN,
67,8,direction,,
68,8,dialog,ANSEN,(CONT'D)
69,8,direction,,
70,8,direction,,
71,9,scene,,
72,10,direction,,
73,10,direction,,
74,10,direction,,
75,10,direction,,
76,10,dialog,BALLPLAYER,
77,10,dialog,COOPER,
78,10,dialog,BALLPLAYER,
79,10,dialog,COOPER,
80,10,direction,,
81,10,direction,,
82,10,dialog,BALLPLAYER,
83,10,direction,,
84,10,dialog,MURPH,(WRY SMILE)
85,10,direction,,
86,10,direction,,
87,10,dialog,BALLPLAYER,
88,10,dialog,COOPER,(SHRUGS)
89,10,direction,,
90,10,direction,,
91,11,scene,,
92,12,direction,,
93,12,direction,,
94,12,direction,,
95,13,scene,,
96,14,direction,,
97,14,direction,,
98,14,dialog,DONALD,
99,14,dialog,MURPH,(CONFUSED)
100,14,direction,,
101,14,direction,,
102,14,dialog,TOM,
103,14,dialog,COOPER,(shakes his head)
104,14,direction,,
105,14,direction,,
106,14,direction,,
107,15,scene,,
108,16,direction,,
109,16,dialog,DONALD,
110,16,dialog,COOPER,
111,16,dialog,DONALD,
112,16,dialog,COOPER,
113,16,direction,,
114,17,scene,,
115,18,direction,,
116,18,direction,,
117,18,dialog,DONALD,
118,18,direction,,
119,18,dialog,COOPER,
120,18,dialog,DONALD,(SHRUGS);(looks at him)
121,18,dialog,COOPER,
122,18,dialog,DONALD,(SMILES)
123,18,direction,,
124,18,dialog,DONALD,(CONT'D)
125,18,dialog,COOPER,
126,18,dialog,DONALD,
127,18,direction,,
128,19,scene,,
129,20,direction,,
130,20,direction,,
131,20,direction,,
132,21,scene,,
133,22,direction,,
134,22,dialog,COOPER,
135,22,dialog,TOM,
136,22,dialog,COOPER,
137,22,direction,,
138,22,dialog,MURPH,(off his look)
139,22,direction,,
140,22,dialog,COOPER,
141,22,dialog,MURPH,(CONFUSED)
142,22,direction,,
143,22,dialog,TOM,
144,22,direction,,
145,22,dialog,TOM,(CONT'D)
146,22,direction,,
147,22,dialog,COOPER,
148,22,dialog,TOM,
149,22,dialog,COOPER,
150,22,direction,,
151,22,dialog,MURPH,
152,22,dialog,COOPER,
153,22,dialog,MURPH,
154,22,dialog,COOPER,
155,22,direction,,
156,22,dialog,COOPER,(CONT'D)
157,22,direction,,
158,22,direction,,
159,22,direction,,
160,22,dialog,COOPER,(CONT'D)
161,22,direction,,
162,22,dialog,TOM,
163,23,scene,,
164,24,direction,,
165,24,direction,,
166,24,direction,,
167,24,dialog,TOM,
168,24,direction,,
169,25,scene,,
170,26,direction,,
171,26,direction,,
172,27,scene,,
173,28,direction,,
174,28,dialog,COOPER,(TO TOM)
175,28,direction,,
176,28,dialog,COOPER,(CONT'D)
177,28,direction,,
178,28,dialog,COOPER,(CONT'D)
179,28,direction,,
180,28,direction,,
181,28,direction,,
182,29,scene,,
183,30,direction,,
184,30,direction,,
185,31,scene,,
186,32,direction,,
187,33,scene,,
188,34,direction,,
189,35,scene,,
190,36,direction,,
191,36,dialog,TOM,(UNSURE)
192,36,dialog,COOPER,
193,36,direction,,
194,36,dialog,TOM,
195,36,direction,,
196,36,direction,,
197,37,scene,,
198,38,direction,,
199,38,direction,,
200,38,dialog,TOM,
201,38,dialog,COOPER,(SMILING)
202,38,direction,,
203,38,direction,,
204,38,direction,,
205,38,dialog,COOPER,(CONT'D)
206,38,direction,,
207,38,direction,,
208,38,direction,,
209,38,dialog,COOPER,(CONT'D)
210,38,direction,,
211,39,scene,,
212,40,direction,,
213,40,direction,,
214,40,direction,,
215,40,dialog,TOM,
216,40,dialog,COOPER,
217,40,dialog,TOM,
218,40,direction,,
219,40,dialog,COOPER,(SHRUGS)
220,40,direction,,
221,40,direction,,
222,40,dialog,MURPH,
223,40,dialog,COOPER,
224,40,dialog,MURPH,(QUIET)
225,40,direction,,
226,40,dialog,COOPER,
227,40,direction,,
228,41,scene,,
229,42,direction,,
230,43,scene,,
231,44,direction,,
232,44,dialog,PRINCIPAL,
233,44,direction,,
234,44,dialog,PRINCIPAL,(CONT'D)
235,44,direction,,
236,44,dialog,COOPER,
237,44,dialog,PRINCIPAL,
238,44,dialog,COOPER,
239,44,dialog,PRINCIPAL,
240,44,dialog,COOPER,(BEAT)
241,44,dialog,PRINCIPAL,
242,44,dialog,COOPER,
243,44,direction,,
244,44,dialog,PRINCIPAL,
245,44,dialog,COOPER,
246,44,dialog,PRINCIPAL,(BEAT)
247,44,direction,,
248,44,dialog,PRINCIPAL,(CONT'D);(SMILES BENIGNLY)
249,44,direction,,
250,44,dialog,COOPER,
251,44,dialog,PRINCIPAL,
252,44,direction,,
253,44,dialog,COOPER,
254,44,direction,,
255,44,dialog,COOPER,
256,44,direction,,
257,44,dialog,COOPER,
258,44,direction,,
259,44,dialog,COOPER,
260,44,direction,,
261,44,direction,,
262,44,direction,,
263,44,dialog,COOPER,
264,44,direction,,
265,44,dialog,COOPER,(CONT'D)
266,44,direction,,
267,45,scene,,
268,46,direction,,
269,46,direction,,
270,46,direction,,
271,46,dialog,COOPER,
272,46,direction,,
273,46,direction,,
274,47,scene,,
275,48,direction,,
276,49,scene,,
277,50,direction,,
278,50,dialog,COOPER,
279,50,direction,,
280,50,direction,,
281,51,scene,,
282,52,direction,,
283,52,direction,,
284,52,direction,,
285,52,direction,,
286,52,direction,,
287,52,direction,,
288,52,dialog,RIGGS,(points to dunes)
289,52,direction,,
290,52,direction,,
291,52,direction,,
292,53,scene,,
293,54,direction,,
294,54,direction,,
295,54,direction,,
296,54,direction,,
297,54,dialog,RIGGS,(FROM ABOVE)
298,54,direction,,
299,54,direction,,
300,54,dialog,COOPER,
301,55,scene,,
302,56,direction,,
303,56,direction,,
304,56,dialog,COOPER,
305,56,direction,,
306,56,dialog,RIGGS,
307,56,dialog,COOPER,
308,56,direction,,
309,57,scene,,
310,58,direction,,
311,58,direction,,
312,58,dialog,COOPER,
313,58,dialog,DONALD,
314,58,direction,,
315,58,dialog,DONALD,(CONT'D)
316,58,dialog,MURPH,
317,58,dialog,COOPER,
318,58,direction,,
319,58,direction,,
320,58,dialog,COOPER,(CONT'D)
321,58,direction,,
322,58,direction,,
323,58,dialog,MURPH,
324,58,dialog,COOPER,
325,58,direction,,
326,58,dialog,COOPER,(CONT'D)
327,58,direction,,
328,58,dialog,COOPER,(CONT'D)
329,58,dialog,MURPH,
330,58,dialog,COOPER,
331,58,direction,,
332,59,scene,,
333,60,direction,,
334,60,dialog,DONALD,
335,60,direction,,
336,60,dialog,COOPER,
337,60,dialog,DONALD,"(looks down,);(SMILES);(BEAT)"
338,60,direction,,
339,60,dialog,DONALD,(CONT'D)
340,60,dialog,COOPER,
341,60,dialog,DONALD,
342,60,direction,,
343,60,dialog,DONALD,(CONT'D)
344,60,direction,,
345,60,direction,,
346,61,scene,,
347,62,direction,,
348,63,scene,,
349,64,direction,,
350,64,direction,,
351,65,scene,,
352,66,direction,,
353,66,direction,,
354,67,scene,,
355,68,direction,,
356,68,direction,,
357,68,direction,,
358,68,direction,,
359,68,direction,,
360,68,direction,,
361,69,scene,,
362,70,direction,,
363,70,direction,,
364,70,dialog,MURPH,
365,70,direction,,
366,70,dialog,COOPER,
367,70,direction,,
368,70,dialog,TOM,
369,70,direction,,
370,70,dialog,COOPER,
371,70,direction,,
372,71,scene,,
373,72,direction,,
374,73,scene,,
375,74,direction,,
376,74,dialog,MURPH,
377,74,dialog,COOPER,
378,74,direction,,
379,74,dialog,COOPER,(CONT'D)
380,74,dialog,MURPH,
381,74,direction,,
382,75,scene,,
383,76,direction,,
384,76,direction,,
385,76,direction,,
386,77,scene,,
387,78,direction,,
388,79,scene,,
389,80,direction,,
390,81,scene,,
391,82,direction,,
392,83,scene,,
393,84,direction,,
394,85,scene,,
395,86,direction,,
396,86,dialog,COOPER,
397,86,dialog,OLD MAN,
398,86,direction,,
399,87,scene,,
400,88,direction,,
401,88,direction,,
402,88,direction,,
403,88,dialog,MURPH,
404,88,direction,,
405,89,scene,,
406,90,direction,,
407,90,direction,,
408,90,direction,,
409,90,dialog,MURPH,
410,90,dialog,COOPER,
411,90,direction,,
412,90,direction,,
413,90,direction,,
414,90,dialog,COOPER,(CONT'D)
415,90,direction,,
416,91,scene,,
417,92,direction,,
418,92,direction,,
419,92,direction,,
420,92,direction,,
421,92,dialog,COOPER,
422,92,direction,,
423,92,direction,,
424,92,dialog,MURPH,
425,92,dialog,COOPER,
426,92,direction,,
427,92,direction,,
428,92,dialog,COOPER,(CONT'D)
429,92,dialog,MURPH,
430,92,dialog,COOPER,
431,92,direction,,
432,92,direction,,
433,92,direction,,
434,92,direction,,
435,92,direction,,
436,92,dialog,ROBOT,
437,92,dialog,COOPER,(IGNORING HIM)
438,92,direction,,
439,92,direction,,
440,92,direction,,
441,92,dialog,COOPER,
442,92,dialog,BRAND,
443,92,dialog,COOPER,
444,92,dialog,BRAND,(TO ROBOT)
445,92,direction,,
446,92,dialog,COOPER,
447,92,dialog,BRAND,
448,92,direction,,
449,92,dialog,BRAND,(CONT'D)
450,92,direction,,
451,92,dialog,TARS,
452,92,dialog,COOPER,(points at Tars)
453,92,dialog,BRAND,
454,92,direction,,
455,92,direction,,
456,92,dialog,COOPER,
457,92,direction,,
458,92,dialog,BRAND,(MORE)
459,92,dialog,BRAND,(CONT'D);(points rifle at Cooper)
460,92,direction,,
461,93,scene,,
462,94,direction,,
463,94,dialog,COOPER,
464,94,dialog,BRAND,
465,94,dialog,COOPER,
466,94,direction,,
467,95,scene,,
468,96,direction,,
469,96,direction,,
470,96,dialog,COOPER,
471,96,dialog,BRAND,(WRY);(gestures with rifle)
472,96,direction,,
473,96,direction,,
474,96,dialog,BRAND,(CONT'D)
475,96,direction,,
476,96,dialog,OLD ENGINEER,
477,96,dialog,COOPER,
478,96,dialog,BRAND'S FATHER,(thinking it over)
479,96,direction,,
480,96,dialog,COOPER,
481,96,direction,,
482,96,direction,,
483,96,dialog,DOYLE,
484,96,direction,,
485,96,dialog,BRAND,
486,96,dialog,COOPER,
487,96,direction,,
488,96,dialog,COOPER,(CONT'D);(TO BRAND)
489,96,direction,,
490,96,dialog,OLD ENGINEER,
491,96,direction,,
492,96,dialog,COOPER,
493,96,direction,,
494,96,direction,,
495,96,direction,,
496,96,direction,,
497,96,dialog,DOYLE,(READING);(READING);(EXCITED)
498,96,direction,,
499,96,dialog,COOPER,
500,96,direction,,
501,96,dialog,BRAND,
502,96,dialog,COOPER,
503,96,dialog,BRAND,
504,96,dialog,COOPER,
505,96,direction,,
506,96,dialog,COOPER,(CONT'D)
507,96,dialog,DOYLE,
508,96,dialog,COOPER,
509,96,dialog,BRAND,
510,96,dialog,COOPER,(SMILES)
511,96,direction,,
512,97,scene,,
513,98,direction,,
514,98,direction,,
515,98,dialog,COOPER,
516,98,dialog,TARS,(SHRUGS)
517,98,direction,,
518,98,direction,,
519,98,direction,,
520,98,dialog,MURPH,
521,98,dialog,COOPER,(nods at Tars)
522,98,direction,,
523,98,direction,,
524,98,dialog,BRAND,
525,98,direction,,
526,99,scene,,
527,100,direction,,
528,100,dialog,COOPER,
529,100,dialog,BRAND,(ANNOYED)
530,100,dialog,COOPER,
531,100,dialog,BRAND,
532,100,dialog,COOPER,(LAUGHS);(off her look)
533,100,direction,,
534,100,direction,,
535,100,dialog,CASE,(off his look)
536,100,direction,,
537,101,scene,,
538,102,direction,,
539,102,dialog,CASE,
540,102,direction,,
541,102,dialog,CASE,(CONT'D)
542,102,direction,,
543,102,dialog,CASE,(CONT'D);(MORE)
544,102,dialog,CASE,(CONT'D)
545,102,direction,,
546,102,dialog,BRAND'S FATHER,
547,102,direction,,
548,102,direction,,
549,102,direction,,
550,102,dialog,CASE,
551,102,dialog,COOPER,
552,102,dialog,CASE,
553,102,direction,,
554,102,dialog,COOPER,
555,102,dialog,CASE,
556,102,direction,,
557,102,dialog,CASE,(CONT'D);(MORE)
558,102,dialog,CASE,(CONT'D)
559,102,direction,,
560,102,dialog,CASE,(CONT'D)
561,102,dialog,COOPER,
562,102,direction,,
563,102,dialog,CASE,(BEAT)
564,102,direction,,
565,102,dialog,COOPER,
566,102,direction,,
567,102,dialog,COOPER,(CONT'D)
568,102,direction,,
569,102,dialog,CASE,
570,102,direction,,
571,102,dialog,CASE,(CONT'D)
572,102,direction,,
573,102,dialog,COOPER,
574,103,scene,,
575,104,direction,,
576,104,direction,,
577,105,scene,,
578,106,direction,,
579,106,direction,,
580,106,dialog,COOPER,
581,106,dialog,BRAND,
582,106,direction,,
583,106,dialog,COOPER,
584,106,dialog,BRAND,(BEAT)
585,106,direction,,
586,106,dialog,COOPER,(REALIZING)
587,106,dialog,BRAND,(shakes her head);(LOOKS AWAY)
588,106,direction,,
589,106,dialog,COOPER,
590,106,dialog,BRAND,
591,106,direction,,
592,106,dialog,COOPER,(QUIET)
593,106,dialog,BRAND,
594,106,dialog,COOPER,
595,106,dialog,BRAND,
596,106,direction,,
597,106,dialog,BRAND,(CONT'D);(BEAT)
598,106,direction,,
599,107,scene,,
600,108,direction,,
601,108,direction,,
602,108,direction,,
603,109,scene,,
604,110,direction,,
605,111,scene,,
606,112,direction,,
607,113,scene,,
608,114,direction,,
609,114,dialog,DONALD,(LOOKS DOWN)
610,114,direction,,
611,114,dialog,DONALD,(CONT'D)
612,114,dialog,COOPER,
613,114,dialog,DONALD,
614,114,dialog,COOPER,
615,114,dialog,DONALD,
616,114,direction,,
617,115,scene,,
618,116,direction,,
619,116,direction,,
620,117,scene,,
621,118,direction,,
622,118,direction,,
623,118,dialog,MURPH,
624,118,dialog,COOPER,
625,118,dialog,MURPH,(DISTRAUGHT)
626,118,direction,,
627,118,dialog,COOPER,
628,118,direction,,
629,118,dialog,COOPER,(CONT'D)
630,118,direction,,
631,118,dialog,MURPH,
632,118,dialog,COOPER,
633,118,direction,,
634,118,direction,,
635,119,scene,,
636,120,direction,,
637,120,direction,,
638,120,direction,,
639,120,dialog,COOPER,
640,120,dialog,TARS,(SHRUGS)
641,120,direction,,
642,120,dialog,DOYLE,
643,120,dialog,COOPER,
644,120,dialog,TARS,
645,120,direction,,
646,120,dialog,COOPER,
647,120,dialog,TARS,
648,120,direction,,
649,120,direction,,
650,121,scene,,
651,122,direction,,
652,122,direction,,
653,122,dialog,BRAND,
654,122,direction,,
655,123,scene,,
656,124,direction,,
657,124,dialog,COOPER,
658,124,dialog,BRAND,
659,124,direction,,
660,124,dialog,BRAND,(CONT'D);(off his look)
661,124,direction,,
662,124,dialog,COOPER,
663,124,dialog,BRAND,(UNIMPRESSED);(PATIENT)
664,124,direction,,
665,124,direction,,
666,125,scene,,
667,126,direction,,
668,126,direction,,
669,126,direction,,
670,126,direction,,
671,126,direction,,
672,127,scene,,
673,128,direction,,
674,128,direction,,
675,129,scene,,
676,130,direction,,
677,130,dialog,BRAND,
678,130,direction,,
679,130,dialog,BRAND,(CONT'D)
680,130,dialog,COOPER,
681,130,dialog,BRAND,
682,130,dialog,COOPER,
683,130,dialog,BRAND,(WRY)
684,130,direction,,
685,130,dialog,COOPER,
686,130,dialog,BRAND,
687,130,direction,,
688,131,scene,,
689,132,direction,,
690,132,direction,,
691,132,dialog,CASE,
692,132,direction,,
693,132,dialog,CASE,(CONT'D)
694,132,direction,,
695,132,dialog,COOPER,
696,132,direction,,
697,132,dialog,ROTH,(SMILES)
698,132,dialog,DOYLE,(LAUGHS)
699,132,dialog,ROTH,(SHRUGS)
700,132,direction,,
701,132,dialog,DOYLE,(LOW)
702,132,direction,,
703,132,dialog,CASE,
704,132,direction,,
705,132,dialog,CASE,(CONT'D)
706,132,dialog,COOPER,
707,132,direction,,
708,132,dialog,ROTH,(MORE)
709,132,dialog,ROTH,(CONT'D)
710,132,direction,,
711,132,dialog,COOPER,
712,132,dialog,ROTH,
713,132,direction,,
714,132,dialog,DOYLE,(points to map);(BEAT)
715,132,dialog,BRAND,
716,132,dialog,DOYLE,
717,132,dialog,BRAND,
718,132,dialog,DOYLE,
719,132,dialog,BRAND,(MORE)
720,132,dialog,BRAND,(CONT'D)
721,132,dialog,COOPER,
722,132,dialog,BRAND,(ANNOYED)
723,132,dialog,DOYLE,
724,132,direction,,
725,132,dialog,ROTH,
726,132,direction,,
727,132,dialog,DOYLE,
728,132,dialog,ROTH,(off his look);(SHAKES HEAD)
729,132,dialog,DOYLE,
730,132,dialog,ROTH,(SHRUGS);(SMILES)
731,132,direction,,
732,132,direction,,
733,133,scene,,
734,134,direction,,
735,134,direction,,
736,134,dialog,BRAND'S FATHER,
737,134,dialog,COOPER,"(to Tars, sarcastic)"
738,134,direction,,
739,134,dialog,TARS,
740,134,direction,,
741,134,dialog,TARS,(CONT'D)
742,134,direction,,
743,134,direction,,
744,134,dialog,BRAND'S FATHER,
745,134,direction,,
746,135,scene,,
747,136,direction,,
748,136,direction,,
749,137,scene,,
750,138,direction,,
751,138,dialog,COOPER,
752,138,direction,,
753,138,dialog,BRAND,
754,138,direction,,
755,138,dialog,BRAND,(CONT'D)
756,138,direction,,
757,138,direction,,
758,139,scene,,
759,140,direction,,
760,141,scene,,
761,142,direction,,
762,142,direction,,
763,143,scene,,
764,144,direction,,
765,145,scene,,
766,146,direction,,
767,147,scene,,
768,148,direction,,
769,148,direction,,
770,148,direction,,
771,149,scene,,
772,150,direction,,
773,150,direction,,
774,151,scene,,
775,152,direction,,
776,152,direction,,
777,152,direction,,
778,152,dialog,ENGINEER ROBOT,
779,152,dialog,COOPER,
780,152,direction,,
781,152,direction,,
782,152,dialog,COOPER,(CONT'D);(SMILES)
783,152,direction,,
784,152,dialog,COOPER,(CONT'D)
785,152,direction,,
786,152,dialog,TARS,
787,152,direction,,
788,153,scene,,
789,154,direction,,
790,154,dialog,COOPER,
791,154,direction,,
792,154,dialog,DOYLE,
793,154,direction,,
794,155,scene,,
795,156,direction,,
796,156,direction,,
797,157,scene,,
798,158,direction,,
799,158,direction,,
800,159,scene,,
801,160,direction,,
802,160,direction,,
803,161,scene,,
804,162,direction,,
805,162,direction,,
806,162,dialog,TARS,
807,162,dialog,COOPER,
808,162,direction,,
809,162,dialog,TARS,
810,162,dialog,COOPER,(SMILES)
811,162,direction,,
812,162,dialog,TARS,
813,162,dialog,COOPER,
814,162,dialog,TARS,
815,162,direction,,
816,163,scene,,
817,164,direction,,
818,164,dialog,TOM,
819,164,direction,,
820,164,dialog,TOM,(CONT'D)
821,164,direction,,
822,164,dialog,DONALD,
823,164,direction,,
824,165,scene,,
825,166,direction,,
826,166,direction,,
827,166,direction,,
828,166,dialog,TARS,
829,166,dialog,COOPER,
830,166,dialog,TARS,
831,166,direction,,
832,166,dialog,COOPER,
833,166,direction,,
834,166,direction,,
835,166,dialog,BRAND,
836,166,direction,,
837,166,dialog,COOPER,
838,166,dialog,BRAND,
839,166,direction,,
840,167,scene,,
841,168,direction,,
842,168,dialog,CASE,
843,168,dialog,COOPER,
844,168,dialog,CASE,
845,168,dialog,COOPER,(EMBARRASSED)
846,168,dialog,CASE,
847,168,dialog,COOPER,
848,168,dialog,CASE,
849,168,dialog,COOPER,
850,168,dialog,CASE,
851,168,dialog,COOPER,
852,168,direction,,
853,168,dialog,CASE,
854,168,dialog,COOPER,
855,168,dialog,CASE,(SMILES)
856,168,direction,,
857,168,dialog,CASE,(CONT'D)
858,168,dialog,COOPER,(DEFENSIVE)
859,168,dialog,CASE,
860,168,dialog,COOPER,
861,168,dialog,CASE,
862,168,direction,,
863,168,dialog,CASE,(CONT'D)
864,168,dialog,COOPER,
865,168,dialog,CASE,(BEAT)
866,168,direction,,
867,169,scene,,
868,170,direction,,
869,170,dialog,COOPER,(BEAT);(BEAT)
870,170,direction,,
871,170,direction,,
872,171,scene,,
873,172,direction,,
874,172,dialog,BRAND,
875,172,direction,,
876,172,dialog,COOPER,
877,172,dialog,BRAND,
878,172,dialog,COOPER,
879,172,dialog,BRAND,
880,172,direction,,
881,172,dialog,COOPER,
882,172,dialog,BRAND,
883,172,dialog,COOPER,
884,172,dialog,BRAND,(looks at him)
885,172,dialog,COOPER,
886,172,direction,,
887,173,scene,,
888,174,direction,,
889,174,direction,,
890,174,direction,,
891,175,scene,,
892,176,direction,,
893,176,dialog,CASE,
894,176,direction,,
895,177,scene,,
896,178,direction,,
897,178,direction,,
898,179,scene,,
899,180,direction,,
900,180,dialog,CASE,
901,180,direction,,
902,180,direction,,
903,181,scene,,
904,182,direction,,
905,183,scene,,
906,184,direction,,
907,184,direction,,
908,184,direction,,
909,184,direction,,
910,185,scene,,
911,186,direction,,
912,187,scene,,
913,188,direction,,
914,189,scene,,
915,190,direction,,
916,190,direction,,
917,191,scene,,
918,192,direction,,
919,192,direction,,
920,192,direction,,
921,192,direction,,
922,192,dialog,TARS,
923,192,dialog,COOPER,(FIRM)
924,192,direction,,
925,193,scene,,
926,194,direction,,
927,194,direction,,
928,195,scene,,
929,196,direction,,
930,196,dialog,COOPER,
931,196,dialog,ROTH,(SMILING)
932,196,direction,,
933,196,dialog,CASE,
934,196,direction,,
935,196,direction,,
936,196,dialog,COOPER,
937,196,dialog,CASE,
938,196,direction,,
939,196,dialog,COOPER,
940,196,direction,,
941,196,dialog,DOYLE,
942,196,direction,,
943,196,direction,,
944,196,dialog,DOYLE,(CONT'D)
945,196,dialog,ROTH,(SMILES)
946,196,direction,,
947,196,dialog,DOYLE,
948,196,dialog,CASE,
949,196,direction,,
950,196,dialog,DOYLE,
951,196,direction,,
952,196,direction,,
953,196,dialog,ROTH,
954,196,direction,,
955,196,direction,,
956,196,dialog,BRAND,
957,196,direction,,
958,196,dialog,COOPER,
959,196,direction,,
960,196,direction,,
961,196,dialog,ROTH,
962,196,direction,,
963,196,dialog,CASE,
964,196,dialog,DOYLE,
965,196,dialog,CASE,
966,196,direction,,
967,196,direction,,
968,196,direction,,
969,196,direction,,
970,196,dialog,CASE,(CONT'D)
971,196,direction,,
972,196,direction,,
973,197,scene,,
974,198,direction,,
975,199,scene,,
976,200,direction,,
977,200,dialog,ROTH,
978,200,direction,,
979,200,direction,,
980,201,scene,,
981,202,direction,,
982,202,direction,,
983,203,scene,,
984,204,direction,,
985,204,dialog,CASE,
986,204,direction,,
987,204,direction,,
988,205,scene,,
989,206,direction,,
990,207,scene,,
991,208,direction,,
992,208,dialog,COOPER,
993,208,direction,,
994,208,direction,,
995,208,dialog,BRAND,
996,208,dialog,DOYLE,
997,208,direction,,
998,208,direction,,
999,208,dialog,CASE,
1000,208,direction,,
1001,208,dialog,ROTH,
1002,208,direction,,
1003,208,direction,,
1004,208,dialog,CASE,
1005,208,direction,,
1006,208,dialog,DOYLE,
1007,208,dialog,ROTH,
1008,208,direction,,
1009,208,dialog,ROTH,(CONT'D)
1010,208,dialog,DOYLE,
1011,208,direction,,
1012,208,dialog,ROTH,
1013,208,dialog,DOYLE,(FRANTIC);(MORE)
1014,208,dialog,DOYLE,(CONT'D)
1015,208,direction,,
1016,208,dialog,CASE,
1017,208,direction,,
1018,208,direction,,
1019,209,scene,,
1020,210,direction,,
1021,211,scene,,
1022,212,direction,,
1023,212,direction,,
1024,212,direction,,
1025,212,direction,,
1026,212,dialog,ROTH,
1027,212,direction,,
1028,212,dialog,COOPER,
1029,212,direction,,
1030,212,direction,,
1031,212,dialog,COOPER,(CONT'D)
1032,212,direction,,
1033,212,direction,,
1034,212,direction,,
1035,212,dialog,DOYLE,
1036,212,direction,,
1037,213,scene,,
1038,214,direction,,
1039,215,scene,,
1040,216,direction,,
1041,216,dialog,DOYLE,
1042,216,dialog,ROTH,
1043,216,direction,,
1044,216,direction,,
1045,216,dialog,CASE,(CALM)
1046,216,dialog,ROTH,
1047,216,direction,,
1048,216,dialog,COOPER,
1049,216,dialog,BRAND,
1050,216,direction,,
1051,217,scene,,
1052,218,direction,,
1053,219,scene,,
1054,220,direction,,
1055,220,dialog,ROTH,
1056,220,direction,,
1057,220,dialog,CASE,
1058,220,dialog,COOPER,
1059,220,direction,,
1060,221,scene,,
1061,222,direction,,
1062,223,scene,,
1063,224,direction,,
1064,224,direction,,
1065,224,direction,,
1066,224,dialog,CASE,
1067,224,direction,,
1068,224,dialog,BRAND,
1069,224,direction,,
1070,224,dialog,ROTH,
1071,224,direction,,
1072,224,direction,,
1073,225,scene,,
1074,226,direction,,
1075,226,direction,,
1076,227,scene,,
1077,228,direction,,
1078,228,direction,,
1079,228,dialog,ROTH,
1080,229,scene,,
1081,230,direction,,
1082,230,direction,,
1083,230,dialog,COOPER,
1084,230,direction,,
1085,230,dialog,COOPER,(CONT'D)
1086,230,direction,,
1087,230,dialog,BRAND,
1088,230,direction,,
1089,230,direction,,
1090,230,dialog,ROTH,
1091,230,direction,,
1092,230,dialog,ROTH,(CONT'D)
1093,230,direction,,
1094,230,dialog,COOPER,
1095,230,dialog,ROTH,(SMILES)
1096,230,direction,,
1097,231,scene,,
1098,232,direction,,
1099,232,direction,,
1100,233,scene,,
1101,234,direction,,
1102,234,dialog,COOPER,
1103,234,dialog,BRAND,
1104,234,direction,,
1105,235,scene,,
1106,236,direction,,
1107,237,scene,,
1108,238,direction,,
1109,238,direction,,
1110,239,scene,,
1111,240,direction,,
1112,241,scene,,
1113,242,direction,,
1114,242,direction,,
1115,242,direction,,
1116,242,direction,,
1117,242,direction,,
1118,242,dialog,BRAND,(RADIO)
1119,242,direction,,
1120,242,dialog,CASE,
1121,242,direction,,
1122,242,direction,,
1123,242,direction,,
1124,242,direction,,
1125,242,direction,,
1126,242,dialog,BRAND,
1127,242,direction,,
1128,242,dialog,CASE,
1129,242,direction,,
1130,243,scene,,
1131,244,direction,,
1132,244,direction,,
1133,244,dialog,DOYLE,
1134,244,direction,,
1135,244,dialog,BRAND,
1136,244,dialog,ROTH,
1137,244,direction,,
1138,245,scene,,
1139,246,direction,,
1140,247,scene,,
1141,248,direction,,
1142,248,direction,,
1143,248,dialog,BRAND,
1144,248,direction,,
1145,248,dialog,COOPER,
1146,248,dialog,BRAND,
1147,248,direction,,
1148,248,dialog,COOPER,
1149,248,direction,,
1150,248,direction,,
1151,249,scene,,
1152,250,direction,,
1153,250,direction,,
1154,250,dialog,DOYLE,
1155,250,dialog,BRAND,
1156,250,direction,,
1157,251,scene,,
1158,252,direction,,
1159,252,direction,,
1160,252,direction,,
1161,252,direction,,
1162,252,direction,,
1163,252,direction,,
1164,253,scene,,
1165,254,direction,,
1166,254,dialog,COOPER,
1167,254,direction,,
1168,254,dialog,ROTH,
1169,254,direction,,
1170,254,dialog,ROTH,(CONT'D)
1171,254,direction,,
1172,254,dialog,BRAND,
1173,254,dialog,ROTH,
1174,254,dialog,COOPER,
1175,254,dialog,BRAND,
1176,254,direction,,
1177,254,dialog,CASE,
1178,254,dialog,COOPER,
1179,254,dialog,BRAND,
1180,254,dialog,DOYLE,
1181,254,direction,,
1182,254,direction,,
1183,255,scene,,
1184,256,direction,,
1185,256,direction,,
1186,256,dialog,COOPER,
1187,256,dialog,BRAND,
1188,256,direction,,
1189,256,dialog,DOYLE,
1190,256,dialog,BRAND,
1191,256,direction,,
1192,256,dialog,ROTH,
1193,256,direction,,
1194,256,direction,,
1195,256,direction,,
1196,256,direction,,
1197,256,direction,,
1198,256,dialog,BRAND,
1199,256,direction,,
1200,256,direction,,
1201,256,direction,,
1202,256,dialog,BRAND,(CONT'D)
1203,256,direction,,
1204,256,dialog,ROTH,
1205,256,direction,,
1206,256,dialog,BRAND,
1207,256,direction,,
1208,256,direction,,
1209,256,direction,,
1210,257,scene,,
1211,258,direction,,
1212,258,direction,,
1213,259,scene,,
1214,260,direction,,
1215,260,direction,,
1216,260,dialog,BRAND,(looks at rad meter)
1217,260,dialog,ROTH,
1218,260,direction,,
1219,260,dialog,COOPER,
1220,260,direction,,
1221,260,direction,,
1222,261,scene,,
1223,262,direction,,
1224,262,direction,,
1225,262,direction,,
1226,262,direction,,
1227,262,direction,,
1228,262,direction,,
1229,262,direction,,
1230,262,direction,,
1231,262,direction,,
1232,263,scene,,
1233,264,direction,,
1234,264,direction,,
1235,264,direction,,
1236,264,direction,,
1237,265,scene,,
1238,266,direction,,
1239,266,direction,,
1240,266,direction,,
1241,266,direction,,
1242,266,direction,,
1243,266,dialog,COOPER,
1244,266,direction,,
1245,266,dialog,COOPER,(CONT'D)
1246,266,direction,,
1247,266,dialog,BRAND,
1248,266,dialog,COOPER,
1249,266,direction,,
1250,267,scene,,
1251,268,direction,,
1252,268,direction,,
1253,269,scene,,
1254,270,direction,,
1255,270,dialog,BRAND,
1256,270,dialog,COOPER,
1257,270,direction,,
1258,270,direction,,
1259,270,dialog,BRAND,
1260,270,dialog,COOPER,
1261,270,direction,,
1262,270,direction,,
1263,271,scene,,
1264,272,direction,,
1265,272,direction,,
1266,272,direction,,
1267,272,dialog,BRAND,(TO COOPER)
1268,272,direction,,
1269,272,dialog,COOPER,
1270,272,dialog,BRAND,
1271,272,dialog,DOYLE,
1272,272,dialog,BRAND,
1273,272,direction,,
1274,273,scene,,
1275,274,direction,,
1276,274,dialog,COOPER,
1277,274,dialog,ROTH,
1278,274,dialog,COOPER,
1279,274,dialog,ROTH,
1280,274,direction,,
1281,275,scene,,
1282,276,direction,,
1283,276,dialog,BRAND,
1284,276,direction,,
1285,276,dialog,BRAND,(CONT'D);(shows him the sample)
1286,276,direction,,
1287,276,dialog,COOPER,
1288,276,dialog,BRAND,(notices his look)
1289,276,direction,,
1290,276,dialog,COOPER,
1291,276,direction,,
1292,276,dialog,BRAND,(LAUGHING)
1293,276,dialog,COOPER,
1294,276,direction,,
1295,276,dialog,BRAND,(truly pissed off)
1296,276,dialog,COOPER,
1297,276,dialog,BRAND,
1298,276,direction,,
1299,276,dialog,COOPER,
1300,276,dialog,BRAND,
1301,276,direction,,
1302,276,direction,,
1303,276,direction,,
1304,276,direction,,
1305,276,dialog,COOPER,
1306,276,dialog,BRAND,
1307,276,direction,,
1308,276,dialog,BRAND,(CONT'D);(trying to stay calm)
1309,276,direction,,
1310,276,dialog,BRAND,(CONT'D)
1311,276,direction,,
1312,276,direction,,
1313,276,direction,,
1314,276,direction,,
1315,276,dialog,COOPER,
1316,276,direction,,
1317,276,dialog,COOPER,(CONT'D)
1318,276,direction,,
1319,277,scene,,
1320,278,direction,,
1321,278,direction,,
1322,278,dialog,COOPER,
1323,278,direction,,
1324,279,scene,,
1325,280,direction,,
1326,280,direction,,
1327,280,dialog,DOYLE,
1328,280,direction,,
1329,280,direction,,
1330,280,dialog,ROTH,
1331,280,direction,,
1332,280,direction,,
1333,281,scene,,
1334,282,direction,,
1335,282,direction,,
1336,283,scene,,
1337,284,direction,,
1338,284,dialog,COOPER,
1339,284,direction,,
1340,284,dialog,BRAND,
1341,284,direction,,
1342,285,scene,,
1343,286,direction,,
1344,286,direction,,
1345,286,direction,,
1346,286,direction,,
1347,286,dialog,COOPER,
1348,286,direction,,
1349,287,scene,,
1350,288,direction,,
1351,288,dialog,BRAND,
1352,288,direction,,
1353,288,direction,,
1354,289,scene,,
1355,290,direction,,
1356,290,direction,,
1357,290,direction,,
1358,290,direction,,
1359,290,dialog,BRAND,
1360,290,dialog,COOPER,
1361,290,dialog,BRAND,
1362,290,dialog,COOPER,
1363,290,dialog,BRAND,(LOOKS AROUND)
1364,290,direction,,
1365,290,direction,,
1366,290,direction,,
1367,290,dialog,COOPER,(trying to be calm)
1368,290,dialog,BRAND,
1369,290,dialog,COOPER,
1370,290,dialog,BRAND,
1371,290,dialog,COOPER,
1372,290,direction,,
1373,290,direction,,
1374,290,direction,,
1375,290,direction,,
1376,290,direction,,
1377,290,dialog,COOPER,(CONT'D)
1378,290,dialog,BRAND,
1379,290,direction,,
1380,290,dialog,COOPER,
1381,290,dialog,BRAND,(AMAZED)
1382,290,direction,,
1383,290,direction,,
1384,290,direction,,
1385,290,direction,,
1386,290,dialog,BRAND,(CONT'D)
1387,290,direction,,
1388,290,dialog,COOPER,
1389,290,dialog,BRAND,
1390,290,direction,,
1391,291,scene,,
1392,292,direction,,
1393,292,direction,,
1394,292,dialog,BRAND,
1395,292,dialog,COOPER,
1396,292,dialog,BRAND,
1397,292,dialog,COOPER,
1398,292,dialog,BRAND,
1399,292,dialog,COOPER,(QUIETLY)
1400,292,dialog,BRAND,
1401,292,dialog,COOPER,(shakes his head)
1402,292,dialog,BRAND,
1403,292,direction,,
1404,292,dialog,COOPER,(MORE)
1405,292,dialog,COOPER,(CONT'D);(looks at her)
1406,292,direction,,
1407,292,dialog,COOPER,(CONT'D)
1408,292,direction,,
1409,293,scene,,
1410,294,direction,,
1411,295,scene,,
1412,296,direction,,
1413,296,direction,,
1414,296,direction,,
1415,296,direction,,
1416,296,direction,,
1417,296,direction,,
1418,297,scene,,
1419,298,direction,,
1420,298,direction,,
1421,298,dialog,BRAND,
1422,298,direction,,
1423,298,direction,,
1424,298,dialog,BRAND,(CONT'D)
1425,298,direction,,
1426,298,direction,,
1427,299,scene,,
1428,300,direction,,
1429,300,direction,,
1430,301,scene,,
1431,302,direction,,
1432,302,dialog,DOYLE,
1433,302,dialog,COOPER,
1434,302,direction,,
1435,303,scene,,
1436,304,direction,,
1437,304,dialog,DOYLE,
1438,304,direction,,
1439,304,dialog,BRAND,
1440,304,dialog,COOPER,
1441,304,dialog,BRAND,(SHRUGS)
1442,304,direction,,
1443,305,scene,,
1444,306,direction,,
1445,307,scene,,
1446,308,direction,,
1447,308,dialog,BRAND,
1448,308,direction,,
1449,308,dialog,ROTH,
1450,308,direction,,
1451,308,dialog,COOPER,
1452,308,direction,,
1453,308,dialog,COOPER,(CONT'D);(LOOKING CLOSER)
1454,308,direction,,
1455,308,direction,,
1456,309,scene,,
1457,310,direction,,
1458,310,direction,,
1459,310,dialog,COOPER,(looks at sphere)
1460,310,dialog,ROTH,(EXCITED)
1461,310,direction,,
1462,310,dialog,COOPER,
1463,310,direction,,
1464,310,direction,,
1465,310,direction,,
1466,311,scene,,
1467,312,direction,,
1468,313,scene,,
1469,314,direction,,
1470,314,direction,,
1471,314,direction,,
1472,314,dialog,CASE,
1473,314,direction,,
1474,314,dialog,COOPER,(looks at Case)
1475,314,direction,,
1476,314,direction,,
1477,314,dialog,COOPER,(CONT'D)
1478,314,direction,,
1479,314,dialog,CASE,
1480,314,dialog,COOPER,
1481,314,dialog,CASE,(SCANS DOCUMENT)
1482,314,dialog,DOYLE,
1483,314,dialog,CASE,(TRANSLATING)
1484,314,direction,,
1485,314,dialog,CASE,(CONT'D)
1486,314,dialog,BRAND,
1487,314,dialog,CASE,
1488,314,dialog,DOYLE,
1489,314,direction,,
1490,314,dialog,DOYLE,(CONT'D)
1491,314,direction,,
1492,314,dialog,DOYLE,(CONT'D)
1493,314,direction,,
1494,314,direction,,
1495,314,dialog,DOYLE,(CONT'D)
1496,314,direction,,
1497,314,dialog,COOPER,
1498,314,dialog,CASE,
1499,314,direction,,
1500,314,dialog,DOYLE,
1501,314,direction,,
1502,314,dialog,BRAND,
1503,314,direction,,
1504,314,dialog,BRAND,(CONT'D)
1505,314,direction,,
1506,314,dialog,COOPER,(GENTLE)
1507,314,direction,,
1508,314,direction,,
1509,314,direction,,
1510,314,dialog,COOPER,(CONT'D)
1511,314,dialog,CASE,
1512,314,direction,,
1513,314,dialog,COOPER,(REALIZING)
1514,314,direction,,
1515,314,direction,,
1516,314,dialog,COOPER,(CONT'D)
1517,314,direction,,
1518,314,direction,,
1519,314,direction,,
1520,314,dialog,DOYLE,
1521,314,direction,,
1522,314,direction,,
1523,314,direction,,
1524,314,direction,,
1525,314,direction,,
1526,314,direction,,
1527,314,direction,,
1528,314,direction,,
1529,314,direction,,
1530,315,scene,,
1531,316,direction,,
1532,316,direction,,
1533,316,direction,,
1534,316,direction,,
1535,316,dialog,ROTH,
1536,316,direction,,
1537,316,dialog,COOPER,(YELLS UP)
1538,316,direction,,
1539,316,direction,,
1540,316,direction,,
1541,316,direction,,
1542,317,scene,,
1543,318,direction,,
1544,318,dialog,COOPER,
1545,318,dialog,ROTH,
1546,318,dialog,DOYLE,
1547,318,direction,,
1548,318,dialog,ROTH,(AMAZED)
1549,318,dialog,COOPER,
1550,318,dialog,ROTH,
1551,318,direction,,
1552,318,dialog,COOPER,
1553,318,dialog,CASE,
1554,318,direction,,
1555,318,dialog,ROTH,
1556,318,dialog,BRAND,
1557,318,dialog,ROTH,
1558,318,direction,,
1559,318,dialog,ROTH,(CONT'D);(holds up the box)
1560,318,direction,,
1561,318,dialog,ROTH,(CONT'D);(MORE)
1562,318,dialog,ROTH,(CONT'D)
1563,318,dialog,BRAND,
1564,318,dialog,ROTH,
1565,318,direction,,
1566,318,dialog,CASE,
1567,318,direction,,
1568,318,direction,,
1569,318,dialog,COOPER,
1570,318,dialog,BRAND,
1571,318,direction,,
1572,319,scene,,
1573,320,direction,,
1574,320,direction,,
1575,321,scene,,
1576,322,direction,,
1577,322,dialog,CASE,
1578,322,direction,,
1579,322,dialog,COOPER,
1580,322,dialog,BRAND,
1581,322,direction,,
1582,322,direction,,
1583,322,direction,,
1584,322,direction,,
1585,322,dialog,CHINESE OFFICER,(POLITE)
1586,322,direction,,
1587,322,direction,,
1588,322,dialog,CASE,
1589,322,dialog,LIU,(MORE)
1590,322,dialog,LIU,(CONT'D)
1591,322,direction,,
1592,322,dialog,BRAND,
1593,322,dialog,LIU,
1594,322,dialog,COOPER,
1595,322,dialog,LIU,
1596,322,direction,,
1597,322,dialog,COOPER,(LOW)
1598,322,dialog,BRAND,(TO LIU)
1599,322,dialog,LIU,
1600,322,dialog,BRAND,
1601,322,direction,,
1602,322,dialog,LIU,(MORE)
1603,322,dialog,LIU,(CONT'D)
1604,322,dialog,ROTH,
1605,322,direction,,
1606,322,dialog,LIU,
1607,322,dialog,ROTH,
1608,322,direction,,
1609,322,dialog,CASE,(LOW)
1610,322,direction,,
1611,322,direction,,
1612,322,direction,,
1613,322,dialog,COOPER,
1614,322,direction,,
1615,323,scene,,
1616,324,direction,,
1617,324,direction,,
1618,325,scene,,
1619,326,direction,,
1620,326,direction,,
1621,326,direction,,
1622,326,direction,,
1623,326,dialog,BRAND,
1624,326,direction,,
1625,327,scene,,
1626,328,direction,,
1627,328,direction,,
1628,328,direction,,
1629,328,direction,,
1630,328,direction,,
1631,328,dialog,BRAND,
1632,328,dialog,DOYLE,
1633,328,dialog,COOPER,
1634,328,direction,,
1635,328,dialog,COOPER,(CONT'D)
1636,328,direction,,
1637,328,dialog,DOYLE,
1638,328,dialog,BRAND,
1639,328,direction,,
1640,328,dialog,ROTH,
1641,328,direction,,
1642,328,dialog,DOYLE,
1643,328,direction,,
1644,328,dialog,ROTH,(SMILES)
1645,328,direction,,
1646,329,scene,,
1647,330,direction,,
1648,330,direction,,
1649,330,dialog,ROTH,(LOOKS AROUND)
1650,330,dialog,COOPER,
1651,330,dialog,ROTH,
1652,330,direction,,
1653,331,scene,,
1654,332,direction,,
1655,332,direction,,
1656,332,direction,,
1657,332,dialog,COOPER,
1658,332,direction,,
1659,332,dialog,ROTH,
1660,332,direction,,
1661,332,dialog,ROTH,(CONT'D)
1662,332,direction,,
1663,333,scene,,
1664,334,direction,,
1665,334,dialog,BRAND,
1666,334,dialog,ROTH,
1667,334,dialog,COOPER,
1668,334,dialog,ROTH,
1669,334,direction,,
1670,334,dialog,ROTH,(CONT'D)
1671,334,dialog,BRAND,(NODS)
1672,334,dialog,ROTH,
1673,334,direction,,
1674,334,direction,,
1675,335,scene,,
1676,336,direction,,
1677,336,dialog,DOYLE,(LOOKS UP)
1678,336,dialog,COOPER,
1679,336,direction,,
1680,336,dialog,BRAND,
1681,336,direction,,
1682,336,direction,,
1683,336,direction,,
1684,336,direction,,
1685,337,scene,,
1686,338,direction,,
1687,338,dialog,DOYLE,
1688,338,direction,,
1689,338,dialog,COOPER,
1690,338,direction,,
1691,338,dialog,COOPER,(CONT'D);(points to probe)
1692,338,direction,,
1693,339,scene,,
1694,340,direction,,
1695,340,direction,,
1696,340,direction,,
1697,340,direction,,
1698,340,direction,,
1699,340,direction,,
1700,340,direction,,
1701,341,scene,,
1702,342,direction,,
1703,342,direction,,
1704,342,direction,,
1705,342,direction,,
1706,343,scene,,
1707,344,direction,,
1708,344,direction,,
1709,344,direction,,
1710,344,direction,,
1711,345,scene,,
1712,346,direction,,
1713,346,direction,,
1714,346,direction,,
1715,346,direction,,
1716,346,direction,,
1717,347,scene,,
1718,348,direction,,
1719,348,direction,,
1720,349,scene,,
1721,350,direction,,
1722,350,direction,,
1723,350,direction,,
1724,350,direction,,
1725,350,direction,,
1726,350,direction,,
1727,350,direction,,
1728,350,dialog,BRAND,(RADIO)
1729,350,direction,,
1730,350,dialog,COOPER,(RADIO);(RADIO)
1731,350,direction,,
1732,350,dialog,BRAND,
1733,350,direction,,
1734,350,dialog,COOPER,
1735,350,direction,,
1736,350,direction,,
1737,350,direction,,
1738,350,direction,,
1739,351,scene,,
1740,352,direction,,
1741,352,direction,,
1742,352,direction,,
1743,352,direction,,
1744,352,dialog,COOPER,
1745,352,dialog,BRAND,
1746,352,direction,,
1747,353,scene,,
1748,354,direction,,
1749,354,direction,,
1750,354,direction,,
1751,354,dialog,DOYLE,
1752,354,direction,,
1753,354,direction,,
1754,355,scene,,
1755,356,direction,,
1756,356,direction,,
1757,356,dialog,COOPER,
1758,356,dialog,CASE,
1759,356,dialog,COOPER,
1760,356,direction,,
1761,357,scene,,
1762,358,direction,,
1763,358,dialog,BRAND,
1764,358,direction,,
1765,358,dialog,COOPER,
1766,358,direction,,
1767,358,dialog,BRAND,(CONFLICTED)
1768,358,direction,,
1769,358,direction,,
1770,358,dialog,COOPER,(THINKS)
1771,358,direction,,
1772,358,dialog,BRAND,(QUIET)
1773,358,direction,,
1774,358,dialog,COOPER,
1775,358,dialog,BRAND,
1776,358,direction,,
1777,358,direction,,
1778,358,direction,,
1779,358,direction,,
1780,358,dialog,COOPER,
1781,358,direction,,
1782,358,dialog,DOYLE,
1783,358,direction,,
1784,358,dialog,BRAND,(GENTLE)
1785,358,direction,,
1786,358,dialog,COOPER,
1787,358,dialog,BRAND,
1788,358,direction,,
1789,358,direction,,
1790,358,dialog,COOPER,
1791,358,direction,,
1792,358,dialog,BRAND,
1793,358,dialog,COOPER,
1794,358,dialog,BRAND,
1795,358,dialog,COOPER,
1796,358,direction,,
1797,358,dialog,BRAND,
1798,358,direction,,
1799,358,dialog,DOYLE,
1800,358,direction,,
1801,358,dialog,COOPER,
1802,358,direction,,
1803,358,dialog,COOPER,(CONT'D)
1804,358,direction,,
1805,358,dialog,BRAND,
1806,358,direction,,
1807,358,direction,,
1808,358,dialog,BRAND,(CONT'D)
1809,358,direction,,
1810,358,direction,,
1811,358,dialog,BRAND,(CONT'D)
1812,358,direction,,
1813,358,direction,,
1814,358,dialog,LIU,
1815,358,direction,,
1816,358,direction,,
1817,358,direction,,
1818,358,dialog,LIU,(CONT'D)
1819,358,direction,,
1820,358,direction,,
1821,358,direction,,
1822,358,direction,,
1823,358,dialog,BRAND,
1824,358,direction,,
1825,358,dialog,COOPER,
1826,358,direction,,
1827,358,direction,,
1828,358,direction,,
1829,358,direction,,
1830,358,dialog,COOPER,(CONT'D)
1831,358,direction,,
1832,358,direction,,
1833,358,direction,,
1834,358,direction,,
1835,358,dialog,DOYLE,
1836,358,direction,,
1837,358,dialog,BRAND,
1838,358,dialog,COOPER,
1839,358,dialog,BRAND,
1840,358,direction,,
1841,358,dialog,COOPER,(INTO RADIO)
1842,358,direction,,
1843,358,direction,,
1844,358,dialog,DOYLE,
1845,358,dialog,BRAND,(HEARTBROKEN)
1846,358,dialog,COOPER,
1847,358,direction,,
1848,358,dialog,DOYLE,
1849,358,direction,,
1850,358,direction,,
1851,358,dialog,BRAND,
1852,358,dialog,COOPER,
1853,358,direction,,
1854,358,direction,,
1855,358,dialog,DOYLE,
1856,358,direction,,
1857,358,dialog,COOPER,
1858,358,direction,,
1859,358,dialog,BRAND,
1860,358,direction,,
1861,358,direction,,
1862,358,direction,,
1863,358,direction,,
1864,358,direction,,
1865,359,scene,,
1866,360,direction,,
1867,361,scene,,
1868,362,direction,,
1869,362,direction,,
1870,362,dialog,DOYLE,
1871,362,direction,,
1872,362,dialog,COOPER,(points to screen)
1873,362,direction,,
1874,362,dialog,BRAND,
1875,362,direction,,
1876,363,scene,,
1877,364,direction,,
1878,365,scene,,
1879,366,direction,,
1880,366,direction,,
1881,366,dialog,DOYLE,
1882,366,direction,,
1883,367,scene,,
1884,368,direction,,
1885,369,scene,,
1886,370,direction,,
1887,370,direction,,
1888,370,direction,,
1889,370,direction,,
1890,370,direction,,
1891,370,direction,,
1892,371,scene,,
1893,372,direction,,
1894,373,scene,,
1895,374,direction,,
1896,374,dialog,COOPER,
1897,374,dialog,BRAND,
1898,374,direction,,
1899,374,direction,,
1900,375,scene,,
1901,376,direction,,
1902,377,scene,,
1903,378,direction,,
1904,378,direction,,
1905,378,direction,,
1906,379,scene,,
1907,380,direction,,
1908,380,direction,,
1909,380,dialog,BRAND,(BEAT)
1910,380,direction,,
1911,381,scene,,
1912,382,direction,,
1913,382,dialog,BRAND'S FATHER,
1914,382,direction,,
1915,383,scene,,
1916,384,direction,,
1917,384,direction,,
1918,384,dialog,BRAND,
1919,384,direction,,
1920,384,dialog,BRAND,(CONT'D)
1921,384,direction,,
1922,384,direction,,
1923,385,scene,,
1924,386,direction,,
1925,386,direction,,
1926,386,direction,,
1927,387,scene,,
1928,388,direction,,
1929,388,direction,,
1930,388,dialog,TOM,
1931,388,direction,,
1932,388,dialog,TOM,(CONT'D)
1933,388,direction,,
1934,388,dialog,TOM,(CONT'D)
1935,388,direction,,
1936,389,scene,,
1937,390,direction,,
1938,390,direction,,
1939,390,dialog,TOM,
1940,390,direction,,
1941,390,dialog,TOM,(CONT'D)
1942,390,direction,,
1943,390,direction,,
1944,390,dialog,TOM,(CONT'D)
1945,390,direction,,
1946,390,dialog,TOM,(CONT'D);(LOOKS DOWN)
1947,390,direction,,
1948,390,dialog,TOM,(CONT'D)
1949,390,direction,,
1950,390,dialog,TOM,(CONT'D)
1951,390,direction,,
1952,390,dialog,TOM,(CONT'D)
1953,390,direction,,
1954,390,dialog,TOM,(CONT'D)
1955,390,direction,,
1956,390,direction,,
1957,390,direction,,
1958,390,direction,,
1959,390,direction,,
1960,390,direction,,
1961,390,dialog,MURPH,
1962,390,direction,,
1963,390,dialog,MURPH,(CONT'D);(BEAT)
1964,390,direction,,
1965,390,direction,,
1966,390,direction,,
1967,390,direction,,
1968,390,dialog,MURPH,(CONT'D)
1969,390,direction,,
1970,390,direction,,
1971,390,direction,,
1972,390,direction,,
1973,391,scene,,
1974,392,direction,,
1975,392,direction,,
1976,392,dialog,COOPER,
1977,392,dialog,BRAND,
1978,392,direction,,
1979,392,dialog,COOPER,
1980,392,dialog,BRAND,(looks him in the eye)
1981,392,dialog,COOPER,
1982,392,direction,,
1983,392,dialog,BRAND,(QUIET)
1984,392,direction,,
1985,392,dialog,COOPER,
1986,392,dialog,BRAND,
1987,392,dialog,COOPER,
1988,392,direction,,
1989,392,dialog,COOPER,(CONT'D)
1990,392,dialog,BRAND,
1991,392,dialog,COOPER,
1992,392,direction,,
1993,392,dialog,BRAND,
1994,392,direction,,
1995,392,direction,,
1996,392,direction,,
1997,392,direction,,
1998,392,direction,,
1999,393,scene,,
2000,394,direction,,
2001,394,direction,,
2002,394,direction,,
2003,394,direction,,
2004,395,scene,,
2005,396,direction,,
2006,396,dialog,DOYLE,
2007,396,direction,,
2008,396,direction,,
2009,396,direction,,
2010,396,direction,,
2011,396,dialog,BRAND,
2012,396,direction,,
2013,396,dialog,COOPER,
2014,396,dialog,BRAND,
2015,396,direction,,
2016,396,direction,,
2017,396,direction,,
2018,396,direction,,
2019,396,direction,,
2020,396,direction,,
2021,396,direction,,
2022,396,direction,,
2023,396,direction,,
2024,396,direction,,
2025,396,direction,,
2026,396,dialog,COOPER,
2027,396,dialog,BRAND,
2028,396,direction,,
2029,396,direction,,
2030,396,direction,,
2031,396,dialog,DOYLE,
2032,396,direction,,
2033,396,direction,,
2034,396,dialog,COOPER,
2035,396,direction,,
2036,396,dialog,BRAND,
2037,396,direction,,
2038,396,direction,,
2039,396,direction,,
2040,396,dialog,BRAND,(CONT'D)
2041,396,dialog,DOYLE,
2042,396,direction,,
2043,397,scene,,
2044,398,direction,,
2045,398,direction,,
2046,398,direction,,
2047,398,direction,,
2048,398,direction,,
2049,399,scene,,
2050,400,direction,,
2051,400,direction,,
2052,400,direction,,
2053,400,dialog,COOPER,
2054,400,direction,,
2055,400,direction,,
2056,401,scene,,
2057,402,direction,,
2058,402,direction,,
2059,402,direction,,
2060,403,scene,,
2061,404,direction,,
2062,404,direction,,
2063,404,dialog,TARS,(DEADPAN)
2064,404,direction,,
2065,405,scene,,
2066,406,direction,,
2067,406,dialog,TARS,
2068,406,direction,,
2069,406,dialog,COOPER,(LOOKS AROUND)
2070,406,dialog,TARS,(off Brand's look)
2071,406,dialog,BRAND,
2072,406,dialog,TARS,
2073,406,direction,,
2074,406,dialog,BRAND,
2075,406,direction,,
2076,407,scene,,
2077,408,direction,,
2078,408,dialog,TARS,
2079,408,dialog,COOPER,
2080,408,dialog,TARS,
2081,408,direction,,
2082,408,dialog,COOPER,
2083,408,direction,,
2084,408,dialog,TARS,
2085,409,scene,,
2086,410,direction,,
2087,410,direction,,
2088,410,direction,,
2089,410,dialog,TARS,
2090,410,direction,,
2091,411,scene,,
2092,412,direction,,
2093,413,scene,,
2094,414,direction,,
2095,414,dialog,COOPER,
2096,414,dialog,TARS,
2097,414,direction,,
2098,414,direction,,
2099,414,direction,,
2100,414,dialog,TARS,(CONT'D)
2101,414,direction,,
2102,414,direction,,
2103,414,dialog,TARS,(CONT'D)
2104,414,direction,,
2105,414,direction,,
2106,414,direction,,
2107,414,dialog,COOPER,
2108,414,direction,,
2109,414,dialog,BRAND,
2110,414,direction,,
2111,414,dialog,TARS,
2112,414,direction,,
2113,415,scene,,
2114,416,direction,,
2115,416,direction,,
2116,416,dialog,BRAND,
2117,416,direction,,
2118,416,dialog,TARS,
2119,416,direction,,
2120,416,direction,,
2121,416,dialog,TARS,(CONT'D)
2122,416,direction,,
2123,416,dialog,DOYLE,
2124,416,direction,,
2125,416,dialog,COOPER,
2126,416,direction,,
2127,416,dialog,BRAND,
2128,416,direction,,
2129,416,dialog,TARS,
2130,416,dialog,COOPER,
2131,416,dialog,TARS,
2132,416,direction,,
2133,416,dialog,DOYLE,
2134,416,direction,,
2135,416,dialog,COOPER,
2136,416,direction,,
2137,417,scene,,
2138,418,direction,,
2139,418,dialog,BRAND,
2140,418,dialog,COOPER,
2141,418,dialog,BRAND,(BEAT);(off his look)
2142,418,direction,,
2143,418,dialog,BRAND,(CONT'D)
2144,418,direction,,
2145,418,dialog,BRAND,(CONT'D)
2146,418,dialog,COOPER,
2147,418,direction,,
2148,419,scene,,
2149,420,direction,,
2150,421,scene,,
2151,422,direction,,
2152,422,dialog,BRAND,
2153,422,direction,,
2154,423,scene,,
2155,424,direction,,
2156,424,dialog,COOPER,
2157,424,dialog,BRAND,
2158,424,direction,,
2159,424,dialog,BRAND,(CONT'D)
2160,424,direction,,
2161,424,dialog,COOPER,
2162,424,dialog,BRAND,
2163,424,direction,,
2164,424,direction,,
2165,424,dialog,COOPER,
2166,424,dialog,TARS,
2167,424,direction,,
2168,424,dialog,BRAND,
2169,424,direction,,
2170,424,dialog,COOPER,
2171,424,direction,,
2172,424,dialog,BRAND,
2173,424,direction,,
2174,424,dialog,BRAND,(CONT'D)
2175,424,dialog,COOPER,
2176,424,direction,,
2177,424,direction,,
2178,424,direction,,
2179,425,scene,,
2180,426,direction,,
2181,427,scene,,
2182,428,direction,,
2183,428,dialog,DOYLE,
2184,428,direction,,
2185,428,direction,,
2186,428,direction,,
2187,428,dialog,COOPER,
2188,428,direction,,
2189,428,dialog,DOYLE,
2190,428,direction,,
2191,428,direction,,
2192,428,direction,,
2193,428,dialog,COOPER,
2194,428,dialog,DOYLE,
2195,428,dialog,COOPER,
2196,428,direction,,
2197,428,direction,,
2198,428,dialog,COOPER,(CONT'D);(holds up probe)
2199,428,direction,,
2200,428,dialog,COOPER,(CONT'D)
2201,428,dialog,DOYLE,
2202,428,direction,,
2203,428,dialog,COOPER,(SAD)
2204,428,dialog,DOYLE,
2205,428,direction,,
2206,428,direction,,
2207,428,direction,,
2208,429,scene,,
2209,430,direction,,
2210,430,direction,,
2211,430,direction,,
2212,430,direction,,
2213,431,scene,,
2214,432,direction,,
2215,433,scene,,
2216,434,direction,,
2217,434,direction,,
2218,434,direction,,
2219,434,direction,,
2220,434,direction,,
2221,434,direction,,
2222,434,direction,,
2223,434,direction,,
2224,434,direction,,
2225,434,direction,,
2226,435,scene,,
2227,436,direction,,
2228,436,direction,,
2229,436,direction,,
2230,436,dialog,MURPH,
2231,436,dialog,FARMER,
2232,436,dialog,MURPH,
2233,436,dialog,FARMER,
2234,436,direction,,
2235,436,dialog,FARMER,(CONT'D)
2236,436,direction,,
2237,437,scene,,
2238,438,direction,,
2239,438,direction,,
2240,439,scene,,
2241,440,direction,,
2242,441,scene,,
2243,442,direction,,
2244,443,scene,,
2245,444,direction,,
2246,444,direction,,
2247,444,direction,,
2248,445,scene,,
2249,446,direction,,
2250,446,direction,,
2251,447,scene,,
2252,448,direction,,
2253,448,direction,,
2254,448,direction,,
2255,448,direction,,
2256,448,direction,,
2257,448,direction,,
2258,448,direction,,
2259,449,scene,,
2260,450,direction,,
2261,450,direction,,
2262,450,direction,,
2263,450,direction,,
2264,451,scene,,
2265,452,direction,,
2266,452,direction,,
2267,452,dialog,MURPH'S WIFE,
2268,452,direction,,
2269,452,direction,,
2270,452,direction,,
2271,453,scene,,
2272,454,direction,,
2273,454,direction,,
2274,454,direction,,
2275,454,direction,,
2276,454,direction,,
2277,454,dialog,EMILY COOPER,
2278,454,dialog,MURPH,(DISTRACTED)
2279,454,direction,,
2280,454,dialog,MURPH,(CONT'D)
2281,454,direction,,
2282,454,dialog,EMILY COOPER,(staring at machine)
2283,454,dialog,MURPH,
2284,454,direction,,
2285,454,direction,,
2286,454,dialog,COOPER,"(over radio, garbled)"
2287,454,direction,,
2288,455,scene,,
2289,456,direction,,
2290,456,direction,,
2291,456,dialog,MURPH,
2292,456,dialog,WIFE,
2293,456,direction,,
2294,457,scene,,
2295,458,direction,,
2296,458,direction,,
2297,458,dialog,EMILY COOPER,
2298,458,direction,,
2299,458,direction,,
2300,458,direction,,
2301,458,direction,,
2302,458,direction,,
2303,458,dialog,MURPH,
2304,458,direction,,
2305,458,direction,,
2306,458,direction,,
2307,458,direction,,
2308,458,direction,,
2309,458,direction,,
2310,458,direction,,
2311,458,direction,,
2312,458,direction,,
2313,459,scene,,
2314,460,direction,,
2315,461,scene,,
2316,462,direction,,
2317,462,direction,,
2318,462,direction,,
2319,462,direction,,
2320,462,direction,,
2321,463,scene,,
2322,464,direction,,
2323,464,direction,,
2324,464,direction,,
2325,464,direction,,
2326,465,scene,,
2327,466,direction,,
2328,467,scene,,
2329,468,direction,,
2330,468,direction,,
2331,468,direction,,
2332,468,direction,,
2333,468,direction,,
2334,468,direction,,
2335,468,direction,,
2336,468,direction,,
2337,468,direction,,
2338,468,direction,,
2339,468,direction,,
2340,468,direction,,
2341,468,direction,,
2342,468,direction,,
2343,468,direction,,
2344,469,scene,,
2345,470,direction,,
2346,470,direction,,
2347,470,direction,,
2348,470,direction,,
2349,470,direction,,
2350,470,dialog,DOCTOR,(MORE)
2351,470,dialog,DOCTOR,(CONT'D);(offers him a pill)
2352,470,direction,,
2353,470,dialog,DOCTOR,(CONT'D);(looks him over)
2354,470,direction,,
2355,470,dialog,COOPER,
2356,470,dialog,DOCTOR,(SMILES)
2357,470,dialog,COOPER,
2358,470,dialog,DOCTOR,
2359,470,direction,,
2360,471,scene,,
2361,472,direction,,
2362,472,direction,,
2363,472,direction,,
2364,472,dialog,DOCTOR,
2365,472,dialog,COOPER,
2366,472,dialog,DOCTOR,(off his look)
2367,472,direction,,
2368,472,dialog,DOCTOR,(CONT'D)
2369,472,direction,,
2370,473,scene,,
2371,474,direction,,
2372,474,direction,,
2373,474,dialog,DOCTOR,
2374,474,direction,,
2375,474,direction,,
2376,474,direction,,
2377,474,direction,,
2378,474,direction,,
2379,474,dialog,DOCTOR,(CONT'D)
2380,474,direction,,
2381,474,dialog,DOCTOR,(CONT'D);(SMILES)
2382,474,direction,,
2383,474,direction,,
2384,474,direction,,
2385,474,direction,,
2386,475,scene,,
2387,476,direction,,
2388,476,dialog,ADMINISTRATOR,
2389,476,direction,,
2390,476,dialog,ADMINISTRATOR,"(CONT'D);(smiles, unconvincingly)"
2391,476,direction,,
2392,476,dialog,COOPER,
2393,476,dialog,ADMINISTRATOR,
2394,476,dialog,COOPER,
2395,476,direction,,
2396,476,dialog,ADMINISTRATOR,
2397,476,direction,,
2398,476,direction,,
2399,476,dialog,ADMINISTRATOR,(CONT'D)
2400,476,direction,,
2401,476,dialog,COOPER,
2402,476,dialog,ADMINISTRATOR,
2403,476,dialog,COOPER,(SMILES)
2404,476,direction,,
2405,476,dialog,ADMINISTRATOR,
2406,476,dialog,COOPER,
2407,476,dialog,ADMINISTRATOR,
2408,476,dialog,COOPER,
2409,476,dialog,ADMINISTRATOR,
2410,476,direction,,
2411,476,dialog,COOPER,
2412,476,dialog,ADMINISTRATOR,
2413,476,dialog,COOPER,
2414,476,direction,,
2415,476,dialog,ADMINISTRATOR,(off his look);(QUIET)
2416,476,direction,,
2417,476,dialog,ADMINISTRATOR,(CONT'D);(BIG SMILE)
2418,477,scene,,
2419,478,direction,,
2420,478,direction,,
2421,478,direction,,
2422,478,direction,,
2423,478,direction,,
2424,479,scene,,
2425,480,direction,,
2426,481,scene,,
2427,482,direction,,
2428,482,direction,,
2429,482,direction,,
2430,482,direction,,
2431,482,direction,,
2432,482,direction,,
2433,483,scene,,
2434,484,direction,,
2435,484,dialog,ROBOT,
2436,484,dialog,COOPER,
2437,484,dialog,ROBOT,
2438,484,dialog,COOPER,(THINKS)
2439,484,direction,,
2440,485,scene,,
2441,486,direction,,
2442,486,direction,,
2443,487,scene,,
2444,488,direction,,
2445,488,direction,,
2446,488,direction,,
2447,488,direction,,
2448,488,direction,,
2449,488,direction,,
2450,488,direction,,
2451,489,scene,,
2452,490,direction,,
2453,490,direction,,
2454,490,direction,,
2455,490,dialog,COOPER,
2456,490,direction,,
2457,491,scene,,
2458,492,direction,,
2459,492,direction,,
2460,492,direction,,
2461,492,direction,,
